 Year,Month,Algeria,Angola,Benin,BurkinaFaso,Botswana,Burundi,Cameroon,CapeVerde,CAR,Chad,CIV,Comoros,Congo,Djibouti,DRCongo,Egypt,EqGuinea,Eritrea,Eswatini,Ethiopia,Gabon,Gambia,Ghana,GuineaBissau,Guinea,Kenya,Lesotho,Liberia,Lybia,Madagascar,Malawi,Mali,Mauritania,Mauritius,Morocco,Mozambique,Namibia,Nigeria,Niger,Rwanda,SaoTome&Principe,Senegal,Seychelles,SierraLeone,Somalia,SA,Sudan,SouthSudan,Tanzania,Togo,Tunisia,Uganda,Zambia,Zimbabwe
1991,Jan-91,11.2,22.6,27.3,26.4,26.3,20.2,24.1,21,24.2,20.8,26.6,25.7,24.6,24.4,24.1,13.1,24.7,22.8,24,21.9,25.6,24.2,27.6,24.4,25.1,25.3,17.9,25.6,12.4,25.2,23.8,22.1,21.7,26.1,9,26.6,24.2,25,19.2,18.8,23.8,24.8,27.2,25.6,25.6,23.3,20.2,26.2,23.3,27.4,9.9,23.1,23.2,24.4
1991,Feb-91,14.2,23.1,29.6,29.4,25.7,20.7,26,20.4,26.3,24.8,28.2,25.4,25.3,25.2,24.8,15.2,25.3,24.1,24,23.2,26.1,26.4,29.7,26.5,26.7,26.2,16.8,26.3,15,24.8,23.8,24.8,22.2,26,9.5,26.4,23.7,28.6,24.6,19.4,24.3,26.4,27.9,27.5,26.4,22.7,23.4,29.3,23.7,29.2,11,24.2,23.8,24.4
1991,Mar-91,18.3,22.8,30.4,31.4,23.9,21.1,26.6,20.6,27.5,27.2,28.4,25.4,25.9,25.9,25.1,19.1,25.3,24.8,22.4,23.9,26.4,28.1,29.8,28.2,28,26.4,15,26.5,19.2,24.4,23.6,27.9,24.8,25.5,12.5,25.8,22.7,29.5,26.7,19.8,24.3,28.5,28.3,27.9,27.2,20.9,26.3,30.9,23.8,29.5,15.9,24.5,23.2,23.1
1991,Apr-91,21.4,22.3,29.7,32.1,21.1,20.6,26.5,21.2,26.8,30.6,27.8,25,25.5,28.4,24.6,24.2,24.7,27.9,20.5,24.5,26,29,28.6,29,28.1,25.7,12.5,26.2,22.3,23.2,22.1,30.7,28.1,24.6,14.7,24,20.8,30.1,31.1,19.2,23.9,30.1,28.8,27.5,28.2,18.5,29.9,29.7,22.8,28.3,15.8,23.3,21.7,20.8
1991,May-91,24.9,21.2,28.1,30.2,18.3,20.8,25.5,21,25.9,31.3,27,24.3,25.5,29.8,24.8,26.7,25,29.1,18.6,23.9,26,29,27.5,28.6,27.5,24.8,9.4,25.9,25.9,21.7,20.9,31.9,31.2,23,18.1,22.5,17.8,28.1,31.8,19.5,23.8,30.6,28.2,27,28.2,15.2,31.4,27.5,22.4,27.2,19,22.8,20.4,19
1991,Jun-91,31.1,19,27.2,29.1,15,19.9,24.9,22.4,25,31.3,26.4,22.6,24.5,31.9,23.8,28.9,24.4,29.8,16.1,23.8,24.7,29.7,27.1,28.5,26.6,23.9,5.7,26,29.5,19.7,18.8,33.7,33.7,21.4,23.3,20.4,14.6,27.6,33.2,19.1,22.5,30.7,27,26.9,28.1,11.2,31.8,27,20.9,26.4,25.5,22.5,18,16.6
1991,Jul-91,32.8,18.1,25.7,27.1,14.4,19.2,23.6,24,24.1,29.8,25.3,22,23.3,32.8,22.9,29,23.1,28.8,15.9,22.8,23.3,28.3,25.8,26.9,25,23.1,6.5,24.5,29.6,18.9,18.1,31.9,33.5,20.3,26.6,20,14.4,25.8,31.3,18.4,21.4,29.1,26,25.3,27.3,11.3,30.5,26,20.2,25.1,28.8,21.7,17.1,16
1991,Aug-91,32.6,20,25.1,26.2,17.5,20.3,23.3,25.3,23.8,28.2,24.8,22.2,23.2,32.4,23.5,29.2,22.9,28,17.8,22.7,23.3,27.5,25.3,26.2,24.1,23.2,7.9,24,29.2,19.4,19.5,30.5,32.2,20.6,27.2,21.2,15.9,25.2,30.1,19,21.2,27.8,26.2,25,27.4,12.6,29.7,26.2,21,24.7,29.1,22,19.8,18.4
1991,Sep-91,29.7,22.2,26.3,27.9,21.9,21.1,24.2,25.8,24.6,29,25.5,23.1,24.4,30.3,24.3,26.9,24,28,20,22.9,24.8,27.2,26.2,26.5,24.8,24,12.1,24.8,27.4,20.8,22.5,31.5,31.6,21.6,23.4,23.8,19.4,26.6,31,19.2,21.8,28.1,27.2,25.6,27.5,16.2,30.2,26.8,22.5,25.7,27,22.2,23.5,22.5
1991,Oct-91,23.1,23,26.4,28.2,25,20.8,24,25.1,24.3,27.7,25.4,23.9,24.1,27.5,24,25,23.4,27.1,21.3,22.3,24.8,28.1,26,27,24.6,25.5,13.6,24.7,24.6,22.2,23.9,29.4,29.1,22.5,16.6,25.1,21.7,26.6,28.7,19.1,22,28.8,27.5,25.4,26.9,18.8,28.9,26.9,23.5,25.6,21.7,22.9,24.4,24.3
1991,Nov-91,17.2,22.7,26.9,27.4,25.8,20.1,24.1,24.5,24.1,24,26.2,25.1,24.4,25.3,24,18.9,24,25.5,22.3,21.2,25,27.7,27,27.5,25.5,24.6,15.1,25.4,17.7,23.4,24.4,25.7,25.4,23.8,13.2,25.9,23.1,25.9,23.8,18.7,22.8,28.1,27.2,26.3,25.6,20.9,25.1,26.6,23.6,26.7,15.2,22.5,24.1,24.5
1991,Dec-91,12.5,22.6,26,24.8,25.6,20,23.3,23.6,23.4,21.2,25.7,25,24.5,23.7,23.9,12.6,24.2,22.3,22.6,20.7,25.1,26.2,26.3,26.2,24.9,24.8,16.1,25.3,12.7,23.9,23.7,21.5,21.7,25.8,10.5,25.7,24,24.1,19.1,18.7,23.2,26.5,27.2,26.1,25.3,22.2,19.9,25.2,23.1,26,10.4,22.5,23,23.7
1992,Jan-92,11.4,22.8,25.6,24,27.8,20.2,23.4,21.6,23.9,19.9,25.4,25.5,24.4,22.7,24.2,12.2,24.4,21,25,20.5,25.5,25.1,26.2,25,24.3,24.6,18.8,25,11.7,24.7,24,20.3,20.5,26.3,9,26.8,24.8,23.7,18,19,23.4,25.4,26.9,25.2,24.8,24.4,19.1,26.2,23.1,25.9,9.1,23.3,23.9,25.3
1992,Feb-92,14.3,23.6,28.5,27.9,27.7,20.6,25.2,20.3,25.4,21.3,28.3,25.6,25.3,22.8,24.6,11.9,25.5,20.3,25.8,21.1,26.1,26.3,29.3,26.3,26.6,26.3,18.7,26.2,13,24.1,24,24.1,22.6,25.7,11.2,26.8,24.5,26.3,20.5,19.3,24.5,26.4,27.8,27.4,25.9,24.2,18.7,26.1,23.8,28.6,10.9,24.1,24.6,25.4
1992,Mar-92,17.7,23.3,30.7,30.6,25.6,20.6,26.7,21.2,27.4,27.3,28.5,25.8,26,25.9,25.1,17,25.3,24.2,23.8,23.7,26.4,28.3,29.9,28.3,27.9,26.6,16.2,26.7,17.4,24.9,24.2,27.1,24.9,25.2,12.9,26.5,23.3,29.7,26.4,19.4,24.2,28.5,28.1,27.8,27.5,22.2,25.5,29.4,23.9,30,14.2,24.1,24.2,24.3
1992,Apr-92,22,22.9,30.7,32.2,23.4,21,26.6,21,27.2,29.6,28.1,25.5,25.9,28.1,25,21.3,25,27.1,22.7,24.5,26.3,29.2,29.4,29.3,28.5,26.1,13.7,26.5,20.8,23.7,23.3,30.6,27.5,24,15.9,25.4,21,30.3,30.4,19.6,24.4,29.9,28,28,28.3,19.3,28.9,29.7,23.4,29.4,17.2,23.6,23.2,23
1992,May-92,26.3,21.1,28.5,31,18.4,20.3,25.5,21.9,25.7,30.7,27.1,24.4,25.1,30.2,24.5,25.6,24.8,28.8,18.8,24.4,25.7,29.5,28,28.9,27.1,24.9,9,25.6,25.4,22,21.6,32.7,31.8,22.7,19.8,23.3,17.3,28.5,32.1,19.1,23.6,31,27.8,26.5,28.6,14.7,30.5,28,22.4,27.4,21.2,22.8,20.9,19.8
1992,Jun-92,30.2,18.8,27,29.2,15.2,19.6,24.2,23.1,24.6,31.4,25.5,23.1,23.4,32.1,23.3,29.9,23.4,29.5,16.1,23.9,23.7,29.5,26.3,28,25.4,24.1,6.1,24.9,30,19.6,19.3,33.8,33.7,21.3,20.6,21,14.9,27.5,33.4,18.7,21.6,30.7,26.9,25.7,28.3,11.6,31.8,26.7,21.1,25.9,25.5,22.5,18.4,16.9
1992,Jul-92,32,18.1,25.4,26.8,15,19.3,22.9,23.6,23.3,29.3,24.5,21.7,22.4,32.9,22.5,29.3,22.3,28.9,16.3,22.8,22.4,27.4,25.3,26.1,24.3,22.9,6.8,23.8,29.1,18.4,18.2,31.6,33.4,20.1,26.2,20,14.7,25.4,30.9,18.4,20.4,28.3,26,24.8,27.3,11.7,30.1,25.6,20.1,24.7,27.2,21.6,17.5,16.3
1992,Aug-92,32.3,19.8,24.9,26,16.7,20.3,23,25.1,23.4,28.1,24.7,22.1,23,31.8,23.3,30,22.5,28,16.6,22.1,22.9,27.3,25,25.9,24.2,22.9,7.5,24.1,29.2,19.3,19.1,30.4,32.1,20.2,26.6,20.6,16,25,29.9,19.1,20.6,27.9,25.7,25,26.9,12.6,29.5,25.3,20.7,24.4,29.3,21.7,19.3,17.6
1992,Sep-92,29.1,22.3,25.5,27.1,23.1,21.1,23.5,25.7,23.7,28,25.1,23,23.7,29.9,24,26.5,23.5,27.2,21.7,22.4,24.2,27.3,25.6,26.5,24.7,24,13.5,24.5,26.5,20.7,22.5,30.8,31.8,20.8,22.8,24.1,19.8,25.6,30.1,19.2,21.4,28.2,26.3,25.5,27.5,17.5,29.1,26,22.5,24.9,26.3,22.2,23.4,22.7
1992,Oct-92,23.3,23.4,26.9,28.8,25.6,21,24,24.9,24.3,27.3,25.9,24,24.4,27.5,24.4,25.2,23.7,27.1,21.9,22.2,25.1,28.2,26.7,27.2,25.3,24.9,14,25.2,24.8,22.3,25.2,29.8,29.3,22.3,16.8,26.2,21.9,26.6,28.2,19.2,22.4,29.1,26.9,26,26.6,18.9,29.2,26.9,23.7,26.2,21.8,22.7,26,25.5
1992,Nov-92,17,22.7,26.5,26.5,25.4,20.2,24,24.2,24.2,23.8,25.8,25.2,24,25.3,24,19.1,23.8,25,21.6,21.2,24.7,26.9,26.5,26.7,24.8,24.5,14.4,25.1,18.3,23.5,25.1,24.7,24.8,23.6,13.2,26.5,23.1,25.4,23,18.7,22.6,27.3,26.8,25.6,25.7,20.3,24.5,26.3,23.6,26.3,16.6,22.4,24.6,24.9
1992,Dec-92,13.2,22.8,26.8,25.6,26.8,20.4,23.3,22.6,23.5,20.7,26.3,25.2,24.3,23.7,24.1,13.3,24.1,23,24.1,20.8,24.8,25.2,26.8,25,24.7,24.5,17.2,25.8,13.2,24,24.7,22.6,21.5,23.8,10.8,26.9,24.3,24.5,19.3,18.9,23.4,25.5,27,26,25.3,23,20.9,26,23.4,26.9,11.5,22.6,24,25
1993,Jan-93,11.4,22.6,25.4,23.6,26.9,20,23.3,21.3,23.7,19.5,25.5,25.5,24.3,23.6,24,12.5,24.5,22.1,24.7,21.1,25.5,24.9,26.2,24.9,24.5,24.4,18.5,25.1,11.6,24.7,23.3,20.4,20.5,26,8.8,26.1,24.8,23.3,17.1,18.6,23.6,25.1,27,25.3,25,24.3,20.2,26.3,22.9,25.9,9.4,22.7,22.9,24
1993,Feb-93,14,22.5,28.9,28.1,25.4,20.1,25,20.6,25.5,22.9,27.9,25.4,24.9,23.7,24.2,13.1,24.9,22.3,24,21.7,25.7,26.6,29.1,26.6,26.7,25.3,16.3,26.1,13.5,24.5,23.4,24.5,22.7,26,10.4,26.2,23.3,27,21.8,18.8,23.9,26.8,27.2,27.3,25.4,22.5,21.5,27.6,23.1,28.8,10.4,23.3,22.8,23.7
1993,Mar-93,18,22.6,29.6,31,24.4,20.1,26.3,20.9,27.3,27,27.8,24.9,25.4,26.3,24.6,17,24.6,25,22.7,23.8,25.8,28.1,28.9,28.2,27.9,25.9,15.4,26,17.1,23.9,22.9,28.3,26,25.4,13.4,25.3,23.2,29.1,26.5,18.9,23.6,29,27.4,27.7,27.3,21.7,26.1,29.8,23,28.6,13.2,23.4,22.6,22.8
1993,Apr-93,22.2,22.5,30.7,32.9,21.9,20.5,26.3,21.4,26.5,29.8,28.1,25.5,25.3,27.1,24.5,23,24.8,26.7,21.2,23.6,26,29.5,29.4,29.3,28.2,26,11.8,26.2,22.4,23.3,23.1,31.4,28.3,24.8,15.3,25.2,20.4,30.1,30.5,19,24.2,30.8,27.9,27.4,28,17.8,29.5,29.2,23.2,29.3,17.8,23.3,22.7,22.3
1993,May-93,26.7,20.9,28.3,32.1,18.7,19.7,25.7,22.4,25.7,31,26.9,24.7,25.2,29.2,24.1,25.8,24.7,29.1,19.9,23.6,25.7,30.8,27.8,30.2,28.1,25,9.5,25.6,26.3,21.6,21,34,32.2,23.5,18.2,23.4,17.2,28.9,33.2,18.6,23.3,32.4,28.2,27.3,28,15,31.2,27.8,22.1,27.1,22.6,22.6,19.6,19.7
1993,Jun-93,31.5,18.7,27.3,29.7,15,20,24.5,22.9,24.7,31,26.2,22.9,23.9,31.7,23.6,28.8,23.9,30.3,16.1,23.6,24.1,29.6,26.8,28.2,25.9,23.8,6.2,25.4,29.4,20.1,18.8,34,33.9,21.6,23.1,20.7,14.9,27.7,33.2,19.3,21.9,30.7,26.8,26.2,28,11.6,31.9,26.9,20.8,26.3,26.9,22.7,17.7,16.6
1993,Jul-93,32.7,18.5,25.7,27.4,15.7,19.4,23.8,24.1,24.2,29.7,25,21.7,23.6,32.5,23.2,29.2,23.5,28.7,17.3,22.7,23.7,28.1,25.6,26.6,24.8,22.9,7.8,24.3,29.4,19,18.4,32.1,33.7,20.3,26.6,20.3,15.5,26.1,31.4,18.6,21.5,28.9,25.5,25.2,27,12.8,30.4,26.2,20.1,24.9,29.1,22.1,17.7,16.7
1993,Aug-93,32.4,20.1,25.5,26.7,17.5,20.6,23.2,25.4,23.8,28.3,25,22,23.3,31.8,23.7,30,23,28.9,17.6,22.5,23.5,27.3,25.6,26,24.5,23.6,8.4,24.3,29.4,19.3,19.2,31,32.6,20.3,26.1,20.9,16.7,25.5,30.5,19.6,21.3,28.1,26,25.3,27,13.6,30.4,26.5,21,25,29.5,22.8,19.5,17.9
1993,Sep-93,28.7,21.8,25.9,27.2,22.6,21,23.6,25.8,23.5,28.7,25.3,22.5,23.6,30.6,23.6,28.2,23.7,27.9,21.2,22.9,24.3,27.5,25.9,26.6,24.7,23.9,13.3,24.8,28.7,20.3,21.9,30.9,31.1,20.4,21,23.4,20,26.1,30.7,19.1,22,28.1,26.5,25.6,27.8,17.7,29.8,26.1,22.3,25.4,26.6,22.2,22.8,21.8
1993,Oct-93,23.5,23.9,27.4,29.2,25.5,21.1,24.4,25,24.4,28,26.4,24,24.4,27.7,24.3,26.3,24.2,26.9,21.1,22.1,25.3,28.3,27.1,27.4,25.6,24.4,13.9,25.6,25.1,22.2,24.7,30.1,29.5,21.7,16.5,25.7,22.6,27.3,29,19.1,23,29.1,27,26.3,26.7,19.4,29.5,26.6,23.5,26.6,22.5,22.3,25.8,25
1993,Nov-93,18,22.9,28,28.7,25.3,20.6,24.5,23.2,24.5,25.5,26.8,25.1,24.4,25.9,24.5,20.4,24.1,26.6,21.1,22.2,25.1,26.7,27.9,26.7,25.6,25.3,14.6,25.8,20,23.3,24.7,26.6,24.5,22.9,12.9,25.9,23.4,27.1,25.8,19.7,23.1,27,27.4,26.5,25.8,20.7,26.8,29,23.7,27.6,16.1,24.6,24.3,24.1
1993,Dec-93,12.8,22.9,26.6,25.5,26.4,20.6,23.5,22.2,23.5,21.4,25.8,25.9,24.5,22.9,24.2,16.5,24.3,22.7,23.4,20,25.1,24.4,26.7,24.5,23.9,24.5,16.5,25.1,14.3,24.2,25.3,21.5,20.5,24.6,10.2,27.2,24.4,24.7,19.7,19.1,23.5,24.7,27.5,25.2,24.8,22.7,22.1,25.7,23.9,26.6,11.9,22.7,24.1,24.6
1994,Jan-94,12,22.6,26.6,24.6,25.6,20.5,23.9,20.4,24.5,21.2,26.1,25.7,24.7,23.5,24.2,14.7,24.5,23.1,23,21.4,25.5,23.3,27.1,23.6,23.8,25.4,16.7,25.3,13.6,24.5,23.9,20.7,19.2,25.5,9,26.3,24.3,24.7,19.1,19,23.4,23.3,27.5,25,25,22.7,22.2,27.2,23.7,26.8,11.7,23.3,23.2,23.8
1994,Feb-94,14.7,22.7,28.7,27.8,24.8,20.3,25.3,20.8,25.6,22.6,27.9,25.7,25.3,24.5,24.4,14.3,25.3,23.4,23.1,22.5,26,26.7,29.3,26.8,26.2,26,15.6,25.9,14.4,25.2,23.5,23.9,22.3,25.7,10.7,25.9,23.8,26.7,21.2,19.1,24.2,26.7,27.4,27,25.8,22.3,22.1,27.9,23.5,28.8,12.8,23.8,23.1,23.3
1994,Mar-94,18.9,23.4,30.9,31.3,24.8,20.4,26.6,20.7,27.1,27.3,28.6,25.8,25.7,25.6,24.9,17.2,24.9,23,22.9,23.2,26.1,28,29.9,28.4,28.2,26.7,15.1,26.8,18.2,24.5,23.6,28,25.2,25.7,13.6,25.8,23.2,30.1,27.8,19.1,23.9,28.7,28.2,28.2,27.5,21.3,24,28.5,23.7,29.9,15.3,23.8,23.9,23.6
1994,Apr-94,22,21.8,30.2,32.6,22,20.3,26.5,21.5,26.7,30.7,28.3,25.5,25.4,28.7,24.5,23.7,24.7,28.1,20.9,24.7,25.9,29.6,29.2,29.5,28.5,25.7,12,26.5,22.8,23.9,22.5,31.2,28.6,25.1,15.4,24.4,20.6,30.3,31.7,18.9,24,30.7,28.4,27.7,28.7,18.6,29.8,29.6,22.8,28.8,17,23,22,21.6
1994,May-94,27.7,21.1,28.8,31.3,18.1,20.5,25.7,21.9,26.3,31.4,27.3,24.4,25.1,30,24.6,26.6,24.7,29.2,18.2,24.1,25.6,30.1,28.1,29.6,27.5,24.7,8.7,26,27.1,22,20.7,33,31.2,23.2,19.7,22.4,17.4,29.1,32.8,19.4,23.5,31.2,28.4,27.1,28.3,14.5,31.7,28.3,22.1,27.6,23.8,22.9,20.4,18.9
1994,Jun-94,31.6,18.3,27.1,29.4,13.9,19.5,24.4,22.5,24.8,30.6,26,22.9,23.6,32.1,23.3,28.1,23.9,29.6,15,23.9,24,29.1,26.7,27.8,25.7,23.8,4.9,25.4,28.4,20,19,33.6,33.3,21.6,24,20.5,14,27.4,32.6,18.6,22,30,26.9,26.1,28.4,10.5,31.5,26.7,20.8,26.1,26.8,22.3,17.8,16.2
1994,Jul-94,33.3,18.3,25.7,27.1,13.6,19.2,23.2,23.9,23.4,29.2,24.8,21.8,23,32.7,22.6,29.9,22.8,28.6,14.4,22.6,23,27.9,25.6,26.5,24.5,22.9,4.9,24,29.5,18.4,18.1,31.8,33.3,21.2,27.6,19.4,14.2,25.7,31,18.2,20.9,28.6,26.4,24.8,27.1,10.1,29.9,25.3,20.2,24.9,29.7,21.5,17.7,15.5
1994,Aug-94,33.1,20.1,25.1,25.8,16.9,21.2,23.1,24.9,23.3,28,24.7,22.8,23.4,32,23.7,29.9,23,28.4,16.8,22.4,23.5,26.6,25.3,25.5,24,23.7,7.5,23.9,30.2,20.6,19.6,29.9,32.1,20.8,26.7,20.9,16.3,24.8,29.5,19.9,21.2,27.4,26.5,24.8,27.1,12.8,29.7,25.4,21.5,24.7,31.5,22.3,20,17.9
1994,Sep-94,28.6,22.6,25.8,26.6,22,21.7,23.5,25.4,23.5,28.1,25.3,23.3,24.1,29.7,24.3,28.8,23.8,27.3,19.7,22.3,24.7,27.1,25.9,26.3,24.5,24.2,12.2,24.7,28.7,21.3,22.4,29.7,30.6,21,21.7,23.3,20,25.4,29.5,19.9,22,27.7,26.9,25.4,27.5,16.8,29.2,25.7,22.8,25.4,28,22.6,23.6,21.8
1994,Oct-94,23.6,23.2,26.5,27.6,23.8,21,24.2,24.8,24.2,28.2,25.6,24.3,24.1,27.2,24,26.7,23.8,27.3,19.3,22,25,27.7,26.3,26.8,24.7,25.3,12.4,25,24.8,22.4,23.5,28.7,28.8,22.4,18.3,24.1,22,26.7,29.1,19.3,22.5,28.4,27.3,25.7,26.5,18.1,29.4,26.8,23.6,25.9,21.6,22.9,24.4,22.8
1994,Nov-94,18.2,23.7,26.7,27.4,26.5,20.6,24.3,24.2,24,23.6,26.4,25.3,24.3,25.1,24.3,18.1,24.3,25,22.1,21.1,25.1,27.1,27.2,26.6,24.8,24.3,15,25.4,18,23.6,26.1,25.7,25.8,23,15,27,23.7,25.6,23.2,18.9,23.3,27.6,27,25.7,25.1,21,24.2,26.5,24,26.6,17.4,22.5,26.1,25.6
1994,Dec-94,13.1,22.9,25.5,24.3,26.9,20.4,23.4,23,23.3,20.2,25.4,25.6,24.5,24,24.1,13.2,24.4,23.2,23.5,20.8,25.1,24.8,26.1,24.6,23.6,24.4,16.7,24.7,12.8,24.4,24.8,21.2,21.1,24.6,11.1,26.8,24.7,23.6,18.4,19.1,23.3,25.1,27.3,24.8,24.9,22.9,20.4,25.7,23.5,25.7,12.3,22.7,24.1,24.9
1995,Jan-95,11.4,23.6,26,23.4,27.7,20.2,23.7,21.1,23.7,19.9,25.5,25.7,24.9,23.5,24.2,13.1,25,22.9,24.7,21.3,26,24.1,26.7,24.1,23.4,25,18.5,24.8,11.5,24.6,23.7,19.4,19.2,25.6,9.9,26.4,25.3,23.8,17.3,18.9,24.1,24,27.2,24.3,24.8,24.2,21.2,26.7,23.4,26.5,9.6,23.2,24.1,24.9
1995,Feb-95,15.3,22.9,28.2,26.5,27,20.4,25,21.2,26,22.5,28,25.5,25.3,24.5,24.6,14.9,25,22.5,25,22.4,25.8,26.9,29.1,26.6,25.9,26.1,18.1,26.1,15.3,24.9,24,23.1,23,26.1,12.3,26.7,24.4,26.1,20.5,19.2,24.1,27.1,27.8,26.7,26.2,24.4,21.6,27.6,23.4,28.5,13.9,23.9,23.7,24.7
1995,Mar-95,18.3,23.2,30.5,31.8,25.1,20.8,26.4,20.1,27.2,27.4,28.5,25.4,25.6,26,25,18.4,25,24.6,23,23.5,26.1,27.5,29.7,28.1,28.3,26.3,15.3,26.8,18.2,24.3,24,28.3,25.3,25.5,13.9,26.2,23.3,29.8,27.3,19.5,24,28.2,28.4,28.2,27.2,21.6,26.1,29.6,23.6,29.5,14.5,23.9,24,24
1995,Apr-95,22.1,22.9,30.3,32.2,22,20.7,26.7,21,26.7,29.6,28.1,25.3,25.8,27.8,25,21.5,25,27.1,20.3,24.2,26.3,28.8,29.3,29.1,28.4,26.1,11.2,26.5,21.2,23.4,22.9,31,27.8,24.8,15.8,24.7,20.8,30.2,30.7,19.4,24.3,29.8,28.6,27.9,28.2,17.6,28.5,29.5,23.1,29,17,23.9,23,22.2
1995,May-95,27.9,21.5,29,31.5,18.1,20.3,25.8,21.8,26.1,31.3,27.5,24.4,25.2,30,24.6,25.6,24.9,28.8,18,24.2,25.9,29.8,28.4,29.3,27.7,24.9,8.4,26.3,26,21.7,21.3,33.4,32.2,22.6,21.3,22.9,17.9,29.2,33,19,23.8,31.4,27.9,27.2,28.5,14.7,31,28.3,22.3,27.8,22.9,22.9,21,19.3
1995,Jun-95,31.4,18.3,27.6,29.8,14,20.2,24.7,22.9,25.1,31.8,26.5,22.5,24,31.3,23.6,31,24.3,29,15.4,23.3,24.4,29.8,27.2,28.5,26.5,24.2,5.6,25.8,31.1,19.5,18.8,34.3,34.5,21.4,22.8,20.2,14.5,27.9,33.9,19.3,22.4,31,27.6,26.7,28,11.2,32.1,26.7,21.1,26.5,26.9,22.8,17.3,15.5
1995,Jul-95,33.1,18.2,26.2,27.6,14.5,19.6,24,24.4,24.1,30,25.4,22.6,23.6,32.6,23.2,30.4,23.5,28.5,15.9,22.5,23.6,28.3,26.1,26.9,25,23.3,5.8,24.6,30.4,19.4,18.8,32.4,34.2,21,27,20.4,13.8,26.4,32.1,18.6,21.7,29.3,26.6,25.4,27.3,10.6,29.9,25.4,20.7,25.4,29.5,21.9,17.9,16.5
1995,Aug-95,32.7,21.1,25.6,26.5,18.5,21.7,23.8,25.3,24.3,29.1,25.3,22.9,23.9,32.2,24.3,30.2,23.3,27.8,18.1,22.8,23.8,27.2,25.8,26,24.4,23.8,8.9,24.6,30.9,20.1,20.9,30.9,32.5,20.6,26.7,22.1,16.8,25.8,31.1,20.4,21.5,27.9,26.3,25.1,27.4,13.9,29.8,26.4,22,25.1,29.3,23,21.5,19.5
1995,Sep-95,28.9,22.3,26.1,27.6,22.6,21.5,24,25.2,24.1,29.4,25.7,23.2,24.4,30.7,24.4,29.1,24.1,27.6,20.6,23.1,24.9,26.6,26.2,25.9,24.7,24.4,12.9,25,29.7,21,22.6,31,31.2,21.2,21.8,23.8,19.9,26.2,31.2,19.6,22,27.6,26.8,25.7,28.1,17.2,30,26.4,22.8,25.6,26,22.7,23.6,22.5
1995,Oct-95,24.1,24.1,27.1,29,25.5,21.8,24.6,25.4,24.8,28.1,26.2,24.3,24.7,28.1,24.7,24.5,24.3,27.3,21.4,22.8,25.5,28.5,26.9,27.5,25.1,25.4,13.3,25.4,23.1,22.8,25.8,30,29.8,22,19.9,26.7,21.7,27.1,29.4,19.9,22.8,29.2,27.2,25.9,27.1,18.3,29.5,27.3,24.3,26.3,20.7,23.1,26.7,26.2
1995,Nov-95,18.3,23.7,27,27.5,26.3,21.1,24.3,24.7,24.4,23.4,26.5,25,24.5,25.7,24.8,17.4,24.5,25,21.9,21.6,25.3,27.5,27.3,27.3,25.3,25.1,14.8,25.8,16.9,23.4,26.2,25.9,26,22.9,16,27.1,23.4,25.7,23.2,19.5,23.4,28,27.1,26.2,25.9,20.8,23.6,26.8,24.4,26.8,15.9,23.6,26.1,25.7
1995,Dec-95,14.7,22.9,27.1,26.5,25.2,20.7,23.9,22.6,23.7,22.2,26,25.7,24.4,24.6,24.2,14.3,24.2,23.1,22,21.7,25,24.9,27.1,25,24.3,25.1,14.5,25.2,14.7,24.2,24.2,22.8,21,24.9,12.4,26,23.8,25.7,21.7,19.2,23.4,25,27.4,25.6,25.7,21,20.7,26.2,23.7,26.9,13.5,23.2,23.7,23.8
1996,Jan-96,13.8,22.7,27.6,26.5,26.3,20.6,24.3,21.8,24.4,21.9,26.9,25.6,24.5,24.1,24.1,14,24.8,22.5,23.7,21.9,25.7,25.7,27.7,25.6,25.6,25.8,17.5,26.1,14,24.7,23.9,23,21.5,25.6,11.5,26.5,24.7,25.9,21.1,19.3,24,26.1,27.2,26.2,25.7,23.5,20.7,26.9,23.7,27.7,12,24,23.6,24.4
1996,Feb-96,14.6,22.8,29.4,28.9,25.2,20.6,25.8,21.1,26.2,24.3,28.2,25.2,24.9,25.3,24.4,15.6,25.3,24.4,23.3,23.4,25.9,27.7,29.3,27.7,27.3,26.4,16.2,26.1,15.1,24.7,23.3,25.4,24,25.7,10.4,25.9,23.8,28.1,23.6,19.5,24.5,28.1,27.5,27.8,26.4,22.5,23.6,29,23.5,29,11.3,24.2,23.2,23.6
1996,Mar-96,18.2,22.3,30.7,31.7,23.8,20.5,26.5,21.1,26.8,27.5,28.6,25.5,25.4,26.4,24.5,18.3,25.1,25.4,21.9,24,26.1,28,29.9,28.1,27.8,26.6,14.5,26.4,18.3,24.4,23.1,28.1,25.4,25.7,12.9,25.4,22.4,30,27.4,19.2,24.1,28.7,28.4,27.5,27.6,20.6,26.6,29.7,23.5,29.7,14.7,23.9,22.6,22.6
1996,Apr-96,22.3,22.7,30.1,32,21.2,20,26.4,21.6,26.7,29.6,28.3,25,25.4,28.7,24.5,21.4,24.9,27.5,19.5,24.8,26.1,29.3,29.1,29.3,28.4,25.7,11,26.6,21.7,23.2,21.6,30.8,28.8,24.4,16.2,23.4,21,29.9,30.2,18.7,24.2,30.6,28.5,27.8,29.1,17.7,28.8,29.5,22.5,28.8,17.6,23.1,21.8,20.4
1996,May-96,26.8,21,29.1,31.7,18,20.1,25.3,21.6,25.7,31.9,27.6,24.3,25.1,29.3,24.3,28.1,24.5,28.3,18.1,23.6,25.6,29.6,28.5,29.4,27.7,24.8,8.8,26.4,27.9,21.7,20.8,33.1,31.5,22.4,19.2,22.6,17.6,29.1,33.3,18.9,23.6,30.9,27.6,27.5,28.1,14.9,31.6,27.8,22.1,27.9,22,22.8,20.2,18.9
1996,Jun-96,31,18.3,27.1,29.5,14.9,19.6,24.5,23,24.7,30.8,26.2,22.8,23.8,31,23.3,28.4,24.1,29.6,16,23,24.2,30,26.8,28.3,26,23.9,6.2,25.6,28.6,19.7,18.7,33.7,33.9,21.3,23.9,20.3,14.9,27.2,32.6,18.7,22.1,30.9,26.4,26.3,27.5,11.8,31.3,26.3,20.9,26.2,25.5,22.4,17.5,15.9
1996,Jul-96,32.7,18,26.2,27.9,13.4,19.7,23.8,24.1,24.1,29.7,25.2,21.9,23.2,32.8,23.1,29.4,23.2,29.3,14.5,22.9,23.3,28.3,26,26.9,25.1,23.2,4.6,24.6,29.3,18.7,18.1,32.6,34,20,26.6,19.5,13.5,26.4,31.7,18.7,21.4,29.1,25.5,25.4,27.2,9.7,30.8,26.1,20.4,25.4,28.9,22,17.2,15.2
1996,Aug-96,32.2,20.9,25.3,26.5,17.3,20.5,23.2,25.4,23.7,28.6,24.7,22.2,23.4,32.2,23.7,30.1,22.8,28.3,16.8,22.5,23.3,27.5,25.4,26.1,24.2,23.3,6.8,23.9,30.4,19.1,20.1,30.8,32.4,20.3,25.2,21.4,15.8,25.4,30.6,19.2,20.9,28.1,25.6,25.1,27.2,11.8,30.1,25.6,21.1,24.8,30.1,22,20.9,18.8
1996,Sep-96,28.6,22.9,25.5,26.7,21.9,21,23.6,25.8,24,29.2,25.2,23.2,24.1,30.9,24.2,29.4,23.9,28.3,19.8,23.2,24.7,27.7,25.6,26.9,24.8,24.1,11.7,24.7,29.3,21.4,22.6,30.7,31.5,20.5,21.6,23.8,19.2,25.7,30.8,19.2,21.8,28.4,26.4,25.5,28,15.8,30.4,26.3,22.5,25,25.2,22.3,24.1,22.4
1996,Oct-96,23,23.6,26.8,28.6,25.8,21,24.1,25.4,24.3,27.6,25.9,23.6,24.3,27.8,24.3,23.9,23.8,27.4,21.5,22.4,25.1,28.5,26.6,27.5,25.2,24.9,14,25.1,22.6,21.9,24.5,29.8,29.7,21.4,18.2,25.5,21.9,26.8,28.7,19.3,22.3,29.2,26.8,25.9,26.8,18.9,29.2,26.9,23.4,26.1,19.8,22.7,25.9,25.1
1996,Nov-96,17.5,23.5,26.8,26.9,25.6,21.2,23.8,24.4,24.4,23.5,26.5,25.2,24.2,25.2,24.4,19.4,24.1,24.6,21.6,21.1,24.9,27.4,27.3,27,24.8,24.7,13.9,25.6,17.9,23.8,26.6,25,24.9,23.2,14.2,27.5,22.4,25.2,22.4,19.6,23.1,27.5,27.1,25.6,25.6,19.3,24.3,26.4,24.4,26.8,16.4,22.9,26.1,25.9
1996,Dec-96,14.2,23.1,27.1,26.1,26.2,20.9,23.6,22.7,24.2,21.9,25.8,25.7,24.2,24,24.2,15,24,24.2,23.5,21.1,24.7,25.4,26.9,25.4,24.6,24.8,16.1,25.4,14.4,24.4,24.7,23,21.4,25,11.3,26.7,23.9,25.1,20.6,19.2,23.2,25.7,27.5,26.1,25,21.9,22.5,26.9,24,27,13.2,22.6,24.3,24.7
1997,Jan-97,13.6,22.7,27.7,27,26.2,21,24.1,21.8,24.4,21.8,26.8,25.7,24.5,24,24.4,14.6,24.5,23.1,23.9,21.8,25.5,26,27.8,25.9,25.9,25.6,17.2,26.2,14,24.5,24,23.3,21.7,25.5,10.8,26.5,24.1,25.7,20.7,19.5,23.5,25.8,27.4,26.6,25.3,23,21.8,27.1,24,27.8,12.2,23.9,23.6,24
1997,Feb-97,15.2,22.7,28,26.9,25.9,20.8,24.8,22.4,25.4,21.5,27.6,24.9,24.9,24,24.5,13,24.9,22.2,24.2,21.9,25.6,28.5,28.8,28.2,26.1,25.9,17,25.7,13.8,24.4,23,23.6,24.2,25.3,12.9,25.6,23.6,25.7,19.9,19.5,23.8,28.5,27.8,26.5,25.8,23,20.3,26.9,23.5,28.3,13,23.9,23.1,23.3
1997,Mar-97,18.1,23.1,29.8,29.9,23.8,20.6,26.2,21.4,27.8,26.8,28.5,25.8,25.4,26.4,25,16.5,24.8,24.5,22.1,24.2,25.9,28.1,29.5,28.3,27.7,26.3,14.5,26.9,16.5,24.5,24,26.6,25.2,25.4,15,26.1,22.3,28.9,25.7,19.2,23.8,28.4,28.2,28.1,27.4,20.3,25.8,31.2,23.7,29,14.1,24.2,23.8,23.4
1997,Apr-97,22.3,22.5,29.8,31.7,20.3,20.7,26.2,21.3,27.4,30.2,27.7,25.4,25.5,27.4,24.8,21.1,24.5,27.2,19.2,23.8,25.9,29,28.8,29.1,28.1,25.3,9.7,26.1,20.8,23.5,22.4,30.4,28.1,24.6,17,24,19.7,29.5,30.2,19.2,23.6,30.1,28,27.6,27.8,16.2,29.9,30.2,23,28.5,17.2,23.1,22.3,20.9
1997,May-97,27.3,20.6,28.1,31,16.8,20.7,25.2,22.6,26.2,31.3,27.2,24.1,24.6,29.5,24.3,26.8,24.1,28.7,17,23.8,25,30.4,27.8,29.6,27.2,24.8,7.3,25.9,27.2,21.5,20.2,33.2,31.9,23.1,19.6,21.6,16.9,28.4,32.5,19.4,23,31.8,28.2,26.7,28.3,13.5,31.5,28.1,22.1,27,23.6,22.8,19.8,17.8
1997,Jun-97,32,19.5,26.8,28.8,15.2,20.4,24.3,23.2,25.2,32,25.5,23.1,23.7,31.9,23.8,29.5,23.4,30,15.9,23.7,23.7,29.2,26.3,27.7,25.1,23.9,5.7,24.8,31.3,20.2,20.2,33.2,33.6,21.5,22.9,21.7,14.8,27.5,33.6,19.4,21.3,30.3,27.2,25.5,27.9,11.1,31.9,26.8,21.4,25.9,29.2,22.6,19.5,17.7
1997,Jul-97,32.6,18.6,26,27.8,14.8,19.8,23.9,24.3,24.6,30.4,25.1,22.2,23.6,33.2,23.3,30.3,23.2,29.2,16,23.1,23.4,28.6,25.7,27.3,25.3,23.4,6.1,24.3,31,19.2,18.4,32.8,34.2,20.6,25.2,20,14.9,26.4,32.4,18.8,21.1,29.6,26.7,25.4,27.6,11.4,30.6,25.9,20.7,25.1,29.9,22.1,17.8,16
1997,Aug-97,32.2,20.6,25.8,27.2,18.3,19.7,23.7,25.3,24.1,29.3,25.1,22.6,23.6,32.5,23.6,29.8,23.1,28.3,18.3,22.7,23.6,27.8,25.6,26.5,24.7,23.5,9.1,24.3,30.2,19.9,20.1,31.5,32.7,20.8,25.4,21.7,16.9,25.9,31.3,18.5,21.1,28.5,26.7,25.3,27.5,14.2,30.2,25.7,21,25.1,29.4,21.8,20.5,18.9
1997,Sep-97,29.4,22.9,26.8,28,22.2,21.7,24.2,25.9,24.9,29.9,25.9,23.5,24.4,31,24.3,27.3,24.3,28.8,19.8,23.4,25,27.6,26.6,26.8,24.8,24.9,12.3,25.2,27.7,21.3,22.7,31.4,31.5,21,23.4,23.9,20.5,26.9,31.5,19.9,22.5,28.2,27.3,25.7,28.1,17.3,31.1,27.1,23.2,26.2,26,23.1,23.8,22.2
1997,Oct-97,24.4,23.4,27.6,29.7,24.5,21.9,25,25.3,25.1,29,26.8,24.2,24.9,27.6,24.6,24.3,24.4,27.4,20.2,22.5,25.6,28.7,27.4,27.8,25.8,25.2,13.6,25.9,23.9,22.3,24,30.6,30.2,21.9,19.8,24.7,22.6,27.9,30.5,20,22.8,29.6,27.7,26.5,26.6,19.4,29.7,27.6,24,26.8,21.9,23.1,24.7,23.3
1997,Nov-97,18.6,23.3,27.8,28.6,26.4,20.9,24.9,24.9,25,25.5,27,26,24.8,25.7,24.5,19.5,24.5,25.5,21.8,21.3,25.4,28.4,27.8,28.2,26.1,24.2,14.4,26,18.8,24.4,25.8,26.9,26.2,24.3,15.1,27,23.2,27.1,25.8,19.3,23.3,28.7,28.3,26.7,25.7,20.4,25.4,27,24.2,27.4,16.2,22.4,25.5,25.6
1997,Dec-97,13.7,23.7,26.9,26.2,27.4,20.6,23.8,22.6,24.4,22,26.2,26,24.9,24.4,24.3,14.5,24.6,24.1,23.7,21.4,25.5,24.9,27.1,25,24.1,24.7,17,25.6,13.9,24.8,24.3,22.5,21.2,25.6,11.4,26.6,24.9,24.9,20.1,19.1,23.7,25.1,28.3,25.4,25,23.2,22,27,23.4,26.9,12.5,23,24.2,25.1
1998,Jan-98,12.7,23.2,27,25.6,26.5,20.1,24.5,21.8,24.8,21.1,26.6,26,25.6,24.3,24.6,13.6,25.3,22.6,24,22.1,26.5,25.4,27.4,25.4,24.9,25.5,17.2,25.8,13.1,25.4,24.2,22,20.9,26.7,10,26.8,24.4,25,19.3,18.9,24,25.5,28.2,25.6,25.5,23,20.6,26.9,23.4,27.1,10.9,23.8,23.7,24.7
1998,Feb-98,15.9,23.4,29.9,29.8,26.7,21.4,26.8,22.4,26.8,24.3,29.4,26.1,26.8,25.4,25.3,15.3,26.6,23.4,24.6,23.1,27.3,29.3,30.3,29.3,28.5,26.4,17.3,27.5,15.5,25.4,24.2,26.2,25,26.8,12.9,26.8,24.7,28.3,23.5,20,25.1,29.6,28.8,28.8,26.6,23.9,22.7,28.5,24.2,29.8,12.5,24.3,24.3,24.7
1998,Mar-98,18,23.3,31.1,31,25.9,20.6,27.2,22.3,28.2,25.6,30.1,26.5,26.7,26.7,25.4,16.2,26.2,24.7,24.3,24,27.1,30,31,30,29.2,26.8,15.9,28.2,16.2,25.4,24.7,27.6,27.5,26.3,15.2,27.1,23.2,28.9,24,19.4,25.2,30.4,28.9,29.1,27.8,21.9,24.8,29.8,24.3,30.6,13.9,24.5,24.5,24.8
1998,Apr-98,23,23.4,31.8,33.9,23.5,20.3,27.9,22.1,28.4,31.4,29.5,25.8,26.6,29.1,25.4,24.1,25.9,28.3,22.3,25.3,27,30.7,30.7,30.9,30.1,26,13.2,27.8,24.4,23.9,22.8,32.4,29.5,25,16,25.1,21.5,31.5,32.3,18.9,25.2,32,28.8,29.1,28.5,19.5,30.5,30.4,23,30.5,19.2,23.4,23,22.5
1998,May-98,26.7,21.7,29.7,32.2,18.6,19.9,26.4,22.5,26.9,32.7,28.2,24.8,25.8,30.4,24.8,27.6,25.4,29.9,18.6,24.4,26.3,31.2,29,30.6,28.6,24.7,8.5,26.9,28,22.1,21.2,33.9,31.8,23.4,18.2,23.1,17.7,30.2,34.6,18.6,24.2,32.7,28.6,27.9,28.6,14.6,32.7,28.8,22.2,28.5,22.6,22.5,21,19.9
1998,Jun-98,31.9,19.5,27.5,29.6,16,19.6,25.1,23,25.3,31.4,26.5,23.5,24.8,33.1,24,28.6,24.7,30.9,16.9,24.6,25,30.3,27.2,29,26.6,24.2,6.7,25.8,29.5,20.2,19.3,34,34.4,21.8,23.9,21,15,28,33.5,18.8,22.6,31.4,27.8,26.9,28.8,12.2,32.3,27.4,21.2,26.6,28.2,22.5,18.7,17.2
1998,Jul-98,33.4,19.2,26.4,27.9,15.7,20,24,23.9,24.4,29.9,25.6,22.5,24.1,33.1,23.6,30.4,23.7,29.4,16.8,23.2,24,28.2,26.3,26.7,25.2,23.5,7.2,24.8,30.5,19.4,18.8,32.9,33.9,20.8,26.8,20.4,14.8,26.4,31.9,18.9,21.5,28.9,26.4,25.6,27.5,11.9,31,26.2,20.9,25.6,29.9,22.1,18.5,16.9
1998,Aug-98,32.6,20.7,25.4,26.6,17.9,21,23.7,25.3,23.9,29,25,23,23.9,32.2,23.9,31.3,23.4,28.1,17.5,22.4,24,27.4,25.6,26.2,24.4,23.5,8.2,24.1,31,20,20.1,31,33.1,20.7,27.1,21.5,16.9,25.7,31,19.5,21.4,28.1,26.7,25.1,27.3,13.6,29.7,25.3,21.7,25,29.6,22.1,20.4,18.5
1998,Sep-98,29.8,22.6,25.9,26.9,22,21.7,24.1,25.8,24.1,28.9,25.6,23.3,24.5,30.6,24.4,29.1,24.4,27.2,20.2,22.9,25.1,27.3,26.1,26.5,24.7,24.4,12.2,25,29.4,21.1,22.4,30.1,31.1,21.3,23.2,23.6,19.5,25.8,30.3,19.8,22.3,28,27,25.6,28,16.4,29.2,25.8,22.9,25.6,27,22.6,23.2,21.8
1998,Oct-98,23.4,23.9,27.3,29.3,24.8,21.4,24.6,25.7,24.6,28.4,26.5,24.1,24.7,27.8,24.4,25.3,24.4,27.3,20.5,22.6,25.7,29,27.1,28,25.7,25.8,13.5,25.6,24.3,22.4,24.8,30.2,30,22.2,18.1,25.6,22.1,27.3,29.7,19.5,23,29.6,27.3,26.3,27.1,18.8,29.2,26.8,24.1,26.6,20.5,23.2,25.6,24.5
1998,Nov-98,17.3,23.5,27.9,28.3,26,21.4,25.1,24.7,25.2,25.1,27,25.5,25,25.5,24.8,19.8,24.8,26.4,21.7,21.3,25.6,27.7,28,27.5,25.6,24.9,14.8,26.2,17.7,24.1,25.9,26,25.6,23.4,14.5,26.8,23.1,27,24.7,19.7,23.6,28,27.2,26.6,25.7,20.5,26.4,27.4,24.5,27.7,14.7,23.1,25.7,25.2
1998,Dec-98,12.6,22.5,27.1,26.1,25.5,20.6,24,22.9,24.8,22.6,26.1,25.6,24.7,23.8,24.4,15,24.4,24.6,22.6,20.8,25.2,25.4,27.1,25.4,24.5,24.7,16,25.6,13.5,24.2,24.6,22.5,21.2,24.5,9.7,26.5,24.1,25.3,20.8,19.1,23.5,25.6,27.1,25.8,25,22.2,23.2,27.5,23.8,27,10.7,23.2,23.1,23.5
1999,Jan-99,12.5,22.5,27.4,25.7,26.6,20.5,24,20.6,24.3,21.8,26.5,25.8,24.7,23.8,24,14,24.8,23.4,24.3,21.5,25.8,24.3,27.6,24.4,24.7,25.6,18.4,25.8,13.3,24.5,23.6,21.7,19.8,25.2,9.6,26.2,24.6,25.3,20,19.2,23.9,24.1,26.8,25.6,25.4,24.1,22.1,27,23.9,27.5,10.9,23.7,22.9,23.8
1999,Feb-99,13.6,23,28.5,27,26.5,21.3,25.4,20.3,26.4,24.6,27.3,25.6,25,25.3,24.8,15.9,25.1,25.7,24.3,23.1,25.9,26,28.6,26,25.4,26.7,17.9,25.4,14.8,25,23.6,22.7,21.3,25.5,9.6,26,24.4,27.4,22.5,20.1,24.2,25.6,27.6,26.1,26.3,24,25.7,29.8,24.3,28.4,10.4,25.1,23.7,23.6
1999,Mar-99,18.6,22.9,30.7,31.9,25.5,20.5,26.9,20.5,27.1,27.7,28.6,25.7,25.9,25.7,24.8,18.3,25.5,24.8,23.9,23.4,26.5,28.1,29.8,28.2,28.2,26.7,16.9,26.7,18.9,24.7,23.4,28.4,25.2,25.4,13.1,26,23.6,30.2,28.2,19.2,24.3,28.6,28.3,28.1,27.1,22.8,25.9,29.4,23.6,29.6,14.7,24.1,23.2,23.6
1999,Apr-99,22.9,22.7,30.1,32.5,22.8,20.5,26.5,21.2,27,29.9,28.2,25.2,25.8,28.5,24.7,22.1,25,27.8,21.8,24.6,26.2,29.2,29,29.3,28.6,25.9,13.3,26.5,22.6,23.2,22,31.5,29.2,24.9,16.9,24.3,21.2,30.1,31.1,19.2,24.1,30.5,28.2,27.9,28.5,19.3,29,29.6,22.7,28.7,18.6,23.5,21.8,21.5
1999,May-99,28.2,21.2,29.3,31.8,18.6,20.7,25.3,22,25.5,31,27.5,24.4,24.9,30.1,24.1,27.3,24.8,29.7,18.7,24.1,25.7,29.9,28.3,29.4,27.8,25.2,8.9,26.3,27.8,21.5,20.5,33.5,32.1,23.4,20.6,22.4,17.6,29,32.6,19.3,23.9,31.3,27.6,27.3,28.6,14.8,31.9,27.6,22.3,28,24.9,23,20.4,19.2
1999,Jun-99,32.1,19.1,28,30.7,15.7,19.9,24.4,23.3,24.4,30.8,26.6,22.8,24.1,31.8,23.5,28.7,24.3,29.9,16.4,23.6,24.6,29.8,27.4,28.4,26.1,24,6.8,25.6,30.3,19.9,18.9,34.4,34.4,21.8,23.9,20.7,15.6,28.1,33.5,19.1,22.7,30.9,26.6,26.3,27.9,12.5,31.7,26.5,20.9,26.9,29,22.4,18.3,16.8
1999,Jul-99,33,18.7,25.9,27.1,15.5,19.5,23.5,24.1,23.7,29.4,25.3,22.1,23.6,32.4,23,30.2,23.4,28.3,16.7,22.4,23.7,28,26,26.4,24.5,23.2,7.6,24.6,30.5,18.9,18.2,31.7,33.5,20.6,26.8,20,15.2,25.8,31.3,18.7,21.6,28.6,26.2,25.1,27.1,12.6,29.9,25.4,20.3,25.2,29.5,22,17.6,16.3
1999,Aug-99,32.8,20.1,25.1,25.8,17.6,20.9,23.4,25.1,23.3,28.2,25.1,22.3,23.5,31.1,23.2,30.7,23.4,27.8,17.7,21.5,23.8,27,25.4,25.7,23.9,23.3,8.4,24.3,31.2,19.7,19.6,29.5,32.2,20.7,26.7,21.2,16.5,25.1,29.8,19.7,21.6,27.6,26.5,24.8,26.8,13.6,29.4,25,21.4,24.7,32,22.1,19.7,18.1
1999,Sep-99,29.9,21,25.4,26.3,20.6,21.5,23.6,25.7,23.7,28.8,25.2,23.2,23.9,30.2,23.8,29,23.8,27.8,18.6,22.5,24.5,27.2,25.5,26.3,24.4,24.4,11.2,24.7,29.5,21,21.8,30.1,31.3,21.2,22.7,23,18.9,25.5,30.4,19.6,21.8,27.9,26.9,25.4,27.9,15.5,29.7,25.5,22.7,24.9,28,22.5,21.8,20.8
1999,Oct-99,25.2,23.1,26.6,28.4,24.3,21,24,25,24.3,27.9,25.7,23.7,24.4,26.6,24.1,25.3,23.8,26.2,19.9,21.3,25.1,27.8,26.4,26.9,24.7,24.6,13.4,24.9,25,22,23.4,29.4,29.2,21.8,18.9,24.1,22.3,26.4,28.6,19.1,22.3,28.5,26.8,25.5,26.2,19.1,28.4,25.7,23.3,25.9,23.6,22.3,24.3,22.9
1999,Nov-99,17.5,23.2,27.5,28.1,26.9,20.2,24.7,24.3,24.7,24.9,26.6,25.1,24.5,25,24.2,20,24.4,25.7,22.9,20.8,25.2,27.7,27.5,27.4,25.5,24.5,16.4,25.7,19.1,23.6,25,26.3,25.5,23.5,13.1,26.5,23.6,26.6,24.8,18.9,23.2,28,27.4,26.3,25.3,22.1,25.3,26.6,23.6,27.2,16.1,22.7,24.9,25
1999,Dec-99,13.1,22.9,26.7,25.3,26,21.1,24.2,22.6,24.3,23.2,25.6,25.6,24.6,24,24.4,15.4,24.4,24.6,23.4,20.9,25.1,25,26.7,25,23.9,24.5,16.1,25.2,14,24.5,25.3,22,20.8,24.5,10.1,27,24.4,25.3,21.4,19.5,23.6,25.1,27.5,25.3,24.8,22.4,22.7,26.8,23.9,26.8,11.5,22.9,24.6,24.8
2000,Jan-00,11.8,22.8,28.3,27.5,25.2,20.3,24.4,21.5,24.7,22.1,26.7,25.7,25.1,23.4,24.5,13,25,23,22.4,21.2,26.1,25.7,28,25.7,25.9,24.7,15.8,26,12.1,24.7,23.8,23.3,20.9,25.6,8.6,26.1,24.1,25.4,20.4,19,24.1,25.8,27.5,26.6,24.8,21.9,21.5,27.1,23.3,28.3,8.7,23.3,23.4,23.7
2000,Feb-00,14.6,23,27.5,25.9,25.6,20.8,24.5,21.2,25.5,22,27,25.4,24.8,24.8,24.4,13.7,25.1,24,23.5,22.5,25.7,27,28.3,27,25.7,25.6,16.7,25.2,13.5,24.6,23.5,22.6,22.7,25.4,12.6,26,24.1,25.4,19.7,19.7,24.2,27.1,27.4,26.5,26,23,22.4,28.4,23.6,27.8,11.5,24,23.5,23.8
2000,Mar-00,18.9,22.8,30.2,30.4,24.5,20.7,26.4,21.7,26.9,25.8,28.9,25.6,25.8,25.9,24.8,16.6,25.4,24.5,23.1,23.5,26.4,29.2,30,29.3,28.3,26.5,15.4,27.1,17.5,24.6,23.4,27.6,26.6,25.2,15,25.8,22.9,28.8,25.2,19.5,24.7,29.8,27.5,28,27.2,21.4,24.8,29.1,23.5,29.7,15.5,24.1,23.2,23.3
2000,Apr-00,23.4,21.9,30.9,33.3,20.9,21.3,26.7,22.2,27.3,30.5,28.3,25.1,25.7,28.5,24.9,23.6,25,28.1,19.7,24.7,26.2,30.5,29.6,30.5,29.2,26.3,10.8,26.6,23.6,23.8,22.5,32.4,29.7,24.5,15.2,24.1,20.2,30.5,31.5,20,24.2,31.8,28.4,28.3,28.7,17.3,30.1,30,23.4,29.5,19.6,24.1,21.8,20.8
2000,May-00,28,21.2,29.8,32,17,21.5,25.9,21.8,26.5,31.4,27.4,24.6,25.5,29.8,24.9,26.3,25.2,29.5,16.9,24,26.1,29.9,28.6,29.2,27.7,25.3,7.3,26.1,27.4,21.9,20.7,33.9,32.1,23.2,19.6,22,16.9,29.6,33.3,20.3,24.2,31.4,28,27.2,28.2,13.3,32,28.8,22.8,28.4,24.3,24,20.1,18
2000,Jun-00,31.7,19.3,27.2,29.3,15.4,19.6,24.4,22.5,24.8,31,25.9,22.7,23.9,32.3,23.7,28.4,24.1,30.3,16.2,24,24.4,29.1,26.8,27.8,25.5,23.5,6.4,25.2,28.6,20.2,19.2,33.5,33.3,21.2,24.7,20.8,15.6,27.5,32.9,18.7,22.4,30,26.3,26,28.1,12.2,32,27.5,20.9,26.3,26.6,22.4,18.5,16.6
2000,Jul-00,33.2,18.5,25.9,27.1,14.5,19.7,23.5,23.9,24.3,29.9,24.9,22,23.2,33.2,23.1,30.5,23.1,29.4,15.1,23,23.3,27.9,25.8,26.4,24.6,23.9,5.8,24.2,30.3,19.1,18.1,31.8,33.4,20.4,26.9,19.7,14.9,25.9,31.2,19,21.3,28.6,26.1,25.1,27.6,11.1,31,26.2,20.6,25.3,29.9,22.7,17.7,15.9
2000,Aug-00,32.8,19.8,25.3,26.5,17.5,21.8,23.4,25.2,24.2,28.9,24.8,22.5,23.2,32.2,23.8,29.6,22.9,28.7,17.8,22.6,23.3,27.1,25.4,25.7,24,24.1,9.1,24.1,29.4,19.9,19.1,30.8,32.5,20.6,27,20.7,16.8,25.5,30.9,20.7,21.2,27.6,26.2,24.9,27.3,14.2,30.4,26.4,21.7,24.7,29.9,23.3,19.2,17.4
2000,Sep-00,29.3,22.6,26.2,27.7,21.4,21.2,23.7,25.8,24.1,29.1,25.5,23.2,24,30.5,24.2,27.5,23.8,28,19.1,22.9,24.5,27.4,26.1,26.6,24.8,24.1,10.9,24.8,28.1,21,22.7,31.1,31.5,20.8,23,23.8,19.3,26.2,30.9,19.4,21.9,28.2,26.5,25.5,27.7,15.3,30.2,26.4,22.6,25.7,26.6,22.4,23.9,22.2
2000,Oct-00,22.9,23.9,27.2,28.9,25.3,21.5,24.2,24.7,24.5,27.4,26.1,24.1,24.6,27.3,24.5,23.4,24,26.6,20.8,21.9,25.2,27.4,26.9,26.5,24.8,24.7,13.8,25.2,23.7,22.3,24,29.3,28.5,22.1,17.2,24.9,22.5,26.6,28.5,19.7,22.7,28.1,27.3,25.7,26.5,19.2,28.5,27,23.7,26.5,21.1,22.7,25.4,24.2
2000,Nov-00,18,22.8,27.7,28.2,25,20.8,24.7,24,25,24.8,26.7,25.3,24.9,26.4,24.5,19.3,24.5,25.5,21,22.5,25.4,26.3,27.8,26,24.8,25.5,14.1,25.8,19.1,23.8,24.4,26.1,24.9,23.3,13.6,25.7,23,26.4,24.3,19.7,23.4,26.7,27.2,25.7,26.2,20.1,24.8,27.4,23.8,27.5,16.9,24,24.1,23.9
2000,Dec-00,13.9,22.6,26.7,25.3,25.9,19.7,23.5,22.5,24,21.5,25.9,25.5,24.4,23.9,24,15,24.2,23.4,23,21,25,24.6,26.8,24.5,24.1,24.7,16.1,25.5,14.6,24.3,24.2,21.8,21.2,25.1,11.6,26.3,24.1,24.4,19.3,18.4,23.5,24.9,27.4,25.6,25.1,22.3,21.7,26.7,23.1,27,13.2,22.7,23.2,24
2001,1-Jan,12.8,23,26.8,25.2,26.9,20.1,23.7,21.2,23.8,20.4,26.2,25.4,24.5,23.7,24.1,13.9,24.7,22.4,24.1,21.6,25.8,25.3,27.1,24.8,24.7,25.4,17.6,25.4,13.5,24.8,23.3,21.7,21.3,26,10.8,26.2,24.5,24.5,18.8,19,24.1,25.3,27.3,25.6,25.2,23.2,20.5,26.5,23,27.1,11.8,23.8,23.3,24.5
2001,1-Feb,14.7,22.9,28.4,26.8,25.5,21,25.3,21.3,26.1,22.9,27.3,25.4,25.4,24.6,24.7,14.7,25.5,23.5,23.6,22.6,26.2,27.3,28.9,27.3,26.3,26.5,16.6,25.6,14.6,25.1,23.3,23.5,23,26.2,11.9,25.9,24,26.3,20.8,19.9,24.7,27.5,27.4,27,26.1,22.9,22.4,28.2,23.8,28.6,12.2,24.5,23.1,23.6
2001,1-Mar,20.3,23.2,30.9,31.5,25.1,21.1,26.3,21.2,27.1,27,29,26,25.7,26.3,25,20.6,25.3,25.8,23.2,23.9,26.4,28.9,30.1,28.9,28.7,27,15.9,27,20.5,25.1,23.6,28.8,27,26,15.8,26,23.4,29.5,26.5,20,24.6,29.6,28,28.5,27.4,22,27,30.3,23.9,30.2,17.6,24.9,23.4,23.4
2001,1-Apr,22.8,23.1,30.7,33,22.2,21,26.7,21.6,27.4,30.9,28.2,25.3,25.7,29.3,25,23.2,25.1,28.9,20.8,25.3,26.3,29.6,29.3,29.5,28.9,25.9,11.6,26.7,22.8,23.7,22.6,31.4,29.7,25.2,17,24.6,20.7,30.4,31.3,19.9,24.3,30.7,28.6,28.2,28.7,17.8,30.7,30.8,23,29.4,17.8,24.2,22.9,22.1
2001,1-May,27,21.7,29.7,32.3,18.3,20.8,26,21.8,26.6,31.8,27.3,24.7,25.8,29.6,25,26.9,25.3,29.4,18.3,24,26.3,29.9,28.7,29.3,27.7,25.1,8.9,25.9,27.4,22.1,20.6,33.8,32,23.7,19.4,22.4,17.7,29.6,33.4,19.9,24.2,31.4,27.7,27,28.2,14.7,32,29.1,22.3,28.5,22.9,23.8,20.5,19
2001,1-Jun,31.9,18.6,27.3,29.2,15.2,19.7,24.6,23,24.8,30.6,25.9,23,24.4,31.5,23.7,28.5,24.4,29.4,16.5,23.4,24.7,29.4,26.8,28,25.5,23.6,6.8,25.2,28.9,19.5,18.9,33.1,33.5,21,24.7,20.6,15,27.4,32.7,18.9,22.6,30.4,27,25.9,27.8,12.3,31.1,26.7,20.7,26.3,27.6,22.5,17.9,16.5
2001,1-Jul,33.3,18.2,26.2,27.3,13.9,19.6,23.7,24.2,24.3,29.7,24.9,22.4,23.7,33,23.4,30.2,23.3,28.9,15.3,23,23.5,28.1,25.9,26.6,24.5,23.3,5.8,24.2,30.6,19,18.2,31.9,33.6,20.7,26.5,19.7,14.1,26.1,31.5,18.9,21.3,28.8,26.1,24.9,27.5,10.8,30.4,26.4,20.4,25.5,30.5,22.5,17.2,15.4
2001,1-Aug,32.7,20.7,25.5,26.5,18.2,21.5,23.4,25.5,23.8,28.7,24.8,22.6,23.5,31.8,24,31,22.8,28.2,18.1,22.4,23.3,28,25.4,26.8,24.7,23.9,8.4,24.1,30.5,20,20.1,30.8,33,21.3,26.7,21.7,16.4,25.4,31,20.4,20.9,28.6,26.5,25.3,27,13.2,30,25.9,21.8,25,29.8,22.9,20.7,18.9
2001,1-Sep,29.3,22.8,26,27.3,21.4,22,23.7,26.3,24.1,28.7,25.3,23.2,24.2,30.6,24.6,28.8,23.5,28.3,19.1,23.1,24.5,27.7,25.9,26.8,24.9,24.8,11.1,24.6,29.7,20.8,22.6,30.8,31.7,21.8,22.5,23.5,19.1,26,30.9,20.2,21.5,28.5,27.2,25.6,27.8,15.3,30,26.3,23.1,25.6,26.8,23.2,23.8,21.9
2001,1-Oct,25.1,23.2,27.7,29.4,25.1,21.5,24.2,25.8,24.5,27.4,26.5,24.1,24.7,28.2,24.5,24.3,23.9,27.3,21.2,22.9,25.2,28.7,27.4,27.7,25.5,25.6,14.4,25.5,24.3,22.4,24.6,30,30,22.4,20.4,25.3,22.4,27,28.6,19.6,22.5,29.4,27.3,26.2,27.2,19.7,28.8,27,24.2,27,24.2,23.2,25,24
2001,1-Nov,17.8,22.9,27.9,28.1,25.2,20.3,24.5,24.5,24.5,24.4,27,25.2,24.7,25.6,24.3,19.1,24.6,25.7,21.4,21.6,25.4,27.8,28,27.6,25.8,24.8,14.5,26,19.1,23.3,25.8,26.2,25.7,23.7,13.9,26.7,23,26.4,24.1,19.1,23.6,28.1,27.7,26.7,25.6,20.5,25.2,27.2,23.9,27.9,16.6,23.1,24.8,24.6
2001,1-Dec,13.6,23.3,27.8,27.1,26,20.3,24.3,24.1,24.4,22.3,26.6,25.4,25.2,24.7,24.5,14.6,24.7,24.6,22.8,21.7,25.6,26.6,27.6,26.5,25.7,25.3,15.8,25.8,13.9,24.1,24.7,24,22.9,25.2,11.2,26.6,24.1,25.9,21.5,19,23.7,27,27.6,26.9,25.4,21.9,22.6,27.3,23.8,27.8,11.2,23.2,24.1,24.5
2002,2-Jan,12.1,22.8,26.3,24.9,26.3,20.6,23.6,21.8,23.2,18.9,26.3,25.7,25,23.3,24.4,12.2,24.9,21.8,23.8,21.2,26.1,25.3,27.1,25.2,24.8,25.6,17.3,25.6,11.6,24.4,23.9,21.3,21.3,25.7,10.8,26.6,23.9,23.9,17.9,19.4,24.1,25.5,26.5,25.7,25.1,22.7,19,26.2,23.5,26.7,9.6,24.2,23.4,24.6
2002,2-Feb,15.1,22.8,28.6,27.3,26,20.7,25.6,21,26.7,23.4,27.4,25.2,25.6,25.4,24.9,16.2,25.4,24.8,23.6,23.3,26.2,27.2,28.9,27.2,26.7,26.1,16.6,25.8,15.3,24.5,23.6,23.9,23,26.2,12.6,26.2,24,26.8,21.4,19.6,24.3,27.3,28,27.5,26.1,23,24,29.3,23.4,28.6,12.4,24.6,23.5,24.2
2002,2-Mar,18.9,22.9,31.1,32.2,24.9,21.1,26.6,20.8,27.5,27.4,29.3,25.7,25.8,26.5,25.1,19.4,25.3,25.7,23.5,24.1,26.4,27.9,30.4,28,28.2,27.2,16.1,26.9,19.3,24.6,23.7,28.6,26,26.1,14.1,26.1,22.9,29.9,26.8,20,24.5,28.6,28.4,27.9,27.6,21.9,26.5,30.4,23.9,30.4,16.3,24.9,23.6,23.6
2002,2-Apr,22.7,23.3,30.8,33.1,23.2,21.4,27.1,21.2,27.6,30.9,28.6,25.1,26.2,28.9,25.3,22.6,25.5,28.4,21.8,25.1,26.8,29.1,29.5,29.2,28.8,26.3,13.3,26.8,22.9,23.2,22.5,31.4,28.4,24.7,16,24.5,21.4,30.8,31.8,20.2,24.7,30.2,28.8,28.1,28.6,19.4,30.3,31,23.3,29.4,18.9,24.5,22.9,22.2
2002,2-May,27.3,21.4,29.9,32.7,18.1,20.4,26.3,22,26.8,31.8,28.2,24.3,26.1,31.1,25.1,26.3,25.6,29.6,18.5,25.2,26.6,30.3,29,29.8,28.6,25.5,8.6,26.7,27.4,21.7,21,34.2,32.1,23.3,19.4,22.7,17.2,29.8,33.7,19.3,24.4,31.8,28.1,27.8,29.1,14.3,31.5,29.3,22.4,28.6,23,23.9,20.4,19.2
2002,2-Jun,31.9,19.3,27.7,30.2,14.8,20,24.9,23,25.1,31.2,26.5,22.8,24.4,32.8,23.9,28.6,24.6,30.5,15.6,24.5,24.8,29.7,27.3,28.3,26.2,24.4,5.5,25.7,29.2,19.8,18.7,34.2,34.1,21.4,23.5,20.3,14.6,27.9,33.4,19.3,22.7,30.7,26.9,26.5,28.6,10.9,32,27.5,20.9,26.9,27.8,23.2,18.1,16.3
2002,2-Jul,33.3,19.3,26.8,28.4,14.8,20.1,24.2,24.4,24.6,30.6,25.5,22.5,24,34.1,23.6,31.2,23.8,30.3,15.4,23.9,24,28.6,26.5,27.1,25.3,23.6,5.5,24.6,32,19.6,19.7,33,33.6,21.2,26.1,20.7,14.3,26.7,32.5,19,22,29.3,26.5,25.5,27.9,10.6,31.9,26.9,21.2,26,30.1,22.3,19.1,17
2002,2-Aug,32,20.9,26,27,18.4,21.6,23.8,25.5,24,29,25.1,22.5,23.8,32.9,24.2,30.9,23.5,29.3,18.3,23.3,23.9,28.1,25.8,26.9,25,24.1,8.7,24.3,30.7,20.2,20.4,31.3,32.9,20.7,25,22.1,16.5,25.9,31.2,20.6,21.7,28.9,26.3,25.5,27.6,13.6,30.7,26.6,21.9,25.4,29.8,23.4,21,19.4
2002,2-Sep,29.6,22,26.4,27.9,21.2,22.2,23.9,26.2,24.1,29.2,25.9,22.9,24.3,30.9,24.5,29.4,24.1,28.3,19.3,23.4,24.9,28.1,26.2,27.3,25.5,25,11.7,25.1,29.3,21,22.3,31.6,32.4,21.2,22.7,23.4,19.5,26.3,31.2,20.7,22.1,28.9,26.9,26.1,28.1,16.4,30.4,27.2,23,25.8,26.3,23.8,22.9,21.4
2002,2-Oct,24.3,23,26.9,28.6,25,22,24.1,25.6,24.3,27.8,26,24.4,24.4,28,24.4,25.2,24.1,28.1,21.1,22.6,25.3,28.9,26.8,27.9,25.6,25.7,14,25.2,23.7,22.9,24.9,29.6,30.5,22.5,19.9,25.6,22.1,26.6,28.4,20,22.8,29.6,27.4,26.2,26.4,19.3,29.5,27.2,24.5,26.3,21.7,23.4,25,24.1
2002,2-Nov,18.2,23.6,27.9,28.4,25.9,21,24.5,24.3,24.8,24.8,26.9,25.7,24.4,26.6,24.5,20.1,24.4,26.6,21.3,22.4,25.2,27.7,27.7,27.6,26.1,25.5,14.4,26.1,18.7,24,25,26.6,25.8,24.3,14.6,26.2,23.2,26.6,24.2,19.7,23.5,28.2,27.6,26.8,26.3,20.1,26.3,28,24.2,27.7,16.9,23.8,25,24.5
2002,2-Dec,14.6,23.4,27.3,26.3,26.7,21,23.8,23.5,23.8,21.6,26.3,25.8,24.6,24.8,24.4,15.2,24.5,23.3,23.3,21.8,25.3,26,27,25.9,25.1,25.7,16.4,26,14.2,24.4,24.6,23.1,22.1,25.6,12.3,26.8,24.7,25.3,20.8,19.8,23.7,26.3,27.8,26.3,25.7,22.7,21.3,26.8,24,27.2,12.9,23.9,24.2,24.9
2003,3-Jan,12.4,23.3,27.6,26,27.4,20.7,24.3,21.5,24.3,21.3,26.7,25.5,25,24.3,24.5,15.2,25.1,23.5,24.8,22,26.2,25.1,27.7,25.1,25,25.5,18.2,25.8,14.1,24.8,24.1,22,20.6,26.6,9.5,26.8,25,25.5,20.2,19.2,24.2,25.2,27.5,25.8,25.4,24.1,21.9,27.3,23.8,27.7,11.2,23.8,24,25
2003,3-Feb,14.4,23.3,30.1,29.9,26.8,21.4,26.2,20.2,26.8,24.3,29.2,25.2,25.6,25.9,25,14,25.7,24.4,25.1,23.6,26.4,26.4,30.2,26.4,27.5,26.5,18.1,27.3,13.9,24.9,24.2,25.9,23.1,26.1,10.7,26.8,24.4,28.5,23.6,20.2,24.7,26.8,28.2,27.9,26.7,24.1,23.2,29.4,24.2,29.9,10.6,24.6,24.2,24.9
2003,3-Mar,18.5,23.3,30.9,31.1,25.1,21.8,26.5,21.7,27.7,26.5,29.2,26.1,25.5,27,25.3,16.5,25.3,25.6,23.7,24.5,26.2,29.5,30.2,29.5,29.2,27.3,16,27.5,16.5,25.1,24,28.3,26.7,26,14.8,26.3,23.2,29.2,25.3,20.5,24.5,30.1,28.6,29,27.7,21.9,25.7,30.5,24.6,30.3,14.1,25.1,23.8,23.6
2003,3-Apr,23,22.7,30.2,33.1,23,21.5,26.9,22,27.4,31,28.6,25.3,25.7,28.8,25,23.1,25.2,27.9,22.2,24.9,26.4,30.4,29.2,30.6,29.6,26.9,13.5,27,22.8,23.7,22.4,32.2,29.4,25.4,16.1,24.6,21.5,30.4,31.5,20.3,24.4,31.6,28.6,28.7,28.9,19.8,29.9,30.6,23.7,28.8,18.6,24.7,22.2,21.9
2003,3-May,27.7,21.4,29.7,32.3,18.3,21.1,25.8,22.4,26.4,31.3,28,25,25.6,31,24.9,27.9,25.3,30,18.6,25.1,26.2,30.8,28.9,30.2,28.6,25.8,8.7,26.7,27.3,22.6,20.8,34.4,33.1,24,20.8,22.7,17.6,29.3,32.6,20.1,24.2,32.3,28.2,27.8,29.1,14.7,32.3,29.3,22.8,28.6,23.1,24.1,20.4,19.1
2003,3-Jun,32.4,19.6,27.1,28.7,15,20.5,24.2,22.7,24.9,31.3,25.8,23.1,24.2,32.2,23.9,29.9,24,29.9,15.7,24,24.4,29.4,26.6,28.1,25.6,24.5,5.6,25.1,30.3,20.1,19.3,32.9,33.8,21.5,24.9,20.8,15,27.1,32.5,19.5,22.2,30.4,27,26,28.6,11.3,32.1,27,21.6,26.2,28.8,23,18.6,16.5
2003,3-Jul,33.9,18.5,26.1,27,14.7,19.7,23.9,24.1,24.1,29.9,24.9,22,23.7,32.5,23.3,30.1,23.6,28.4,15.6,22.6,23.8,28.1,25.9,26.5,24.5,23.4,6.3,24.2,31.4,19.1,17.7,31.7,33.6,20.8,27.1,19.4,14.7,26.3,31.9,19,21.7,28.8,26.3,24.9,27.2,11.5,30.1,26,20.2,25.4,32.1,23.1,17.1,15.5
2003,3-Aug,33.2,20.7,25.7,26.4,16.8,21.2,23.7,25.4,24.2,29,25,22.5,24,32.4,24.1,30.5,23.6,28.2,16.7,22.7,24.1,27.4,25.8,26.1,24.1,23.8,7,24.1,30.9,19.4,19.8,30.4,32.4,20.7,27.5,21,15.7,25.5,30.7,19.9,21.9,28,26.5,24.9,27.4,12,30,26,21.7,25.3,31.3,22.4,20.2,18
2003,3-Sep,29.6,22.7,26.2,27,21.9,22,24.1,25.9,24.4,29.4,25.1,23.1,24.3,30.1,24.5,28.3,24.4,28.3,19.6,22.7,25.1,27.3,26.1,26.6,24.5,24.6,11.7,24.4,28.8,21.1,22.7,30.3,31.2,21.7,23.7,23.7,19.4,26.1,30.7,20.3,22.7,28,27.1,25.3,27.3,16.1,30.3,26.8,23.1,25.8,26.6,23.3,23.8,22
2003,3-Oct,24.7,23.8,28.2,29.6,25.6,21.7,24.6,25.5,25.2,29,26.6,24.4,24.8,27.9,24.8,25.2,24.2,27.4,21.5,22.5,25.5,28.4,27.7,27.7,25.6,25.2,14.2,25.6,25.7,22.9,25.2,30.6,30,22.7,18.6,26,22.4,27.8,29.9,19.9,22.9,29.1,27.2,26.2,26.8,19.6,29.8,27.8,24.3,27.4,23.6,23.3,25.8,25
2003,3-Nov,18.4,23.5,28,28.8,26.8,21.2,24.8,24.5,25.1,25.4,26.7,25.7,24.7,26.1,24.8,19.9,24.7,26,22.6,22,25.5,27.6,27.8,27.3,25.7,25.4,15.7,25.7,19.3,24.1,26.3,27.3,25.6,24,13.9,27.3,23.6,27.1,25.5,19.6,23.6,28,27.6,26.4,26.1,21.5,25.8,27.8,24.8,27.7,17,23.9,26,25.8
2003,3-Dec,13.1,23.1,26.9,25.6,27.2,20.7,24,23.2,24.4,21.9,25.8,25.3,24.9,24,24.5,14.5,24.7,23.7,24.2,21,25.5,25.6,26.8,25.5,24.6,25.3,17,25.4,13.7,24.6,24.9,22.1,21.2,25.4,10.6,27.1,24.2,25,20.1,19.3,23.9,25.8,27.2,26,25.2,22.9,22.1,26.8,24,27,11.3,23.5,24.3,25.5
2004,4-Jan,12.7,22.9,27.3,26,26.9,21.3,24.3,21.6,24.8,22,26.8,25.8,25.2,24.5,24.8,13.5,25.2,22.9,24.6,22.4,26.2,24.9,27.5,25,25.2,26.5,18,26.1,13,24.6,24.4,22.2,21.3,25.9,10.3,27,24.5,25.4,20.2,20.1,24.2,25.2,27.5,26,25.8,23.8,21.6,28.3,24.3,27.4,11.1,25.4,23.8,25
2004,4-Feb,15.7,23.1,29.1,28.6,26.3,20.8,25.7,20.9,26.5,23.6,28.3,25.7,25.4,24.8,24.9,15.3,25.7,23.5,24.4,22.8,26.2,27,29.4,27.1,27.2,26.5,17.4,26.6,15.6,24.8,23.8,25.3,23.4,26.7,11.9,26.5,24.3,27.2,22.2,19.8,24.6,27.3,27.7,27.7,26.1,23.7,22.6,29.3,23.8,29.1,13.1,25.1,23.7,24.4
2004,4-Mar,18.1,23.3,30.5,30.5,24.9,21.2,26.9,21.4,28.1,27,28.7,25.8,26.2,26.5,25.4,19.2,25.8,25.8,23,23.9,26.7,28.7,29.9,28.7,28.3,26.5,15.2,27.1,19.1,24.6,24.1,27.3,25.9,26.3,13.4,26.2,22.9,29,25.3,20,24.7,29.2,28.2,28.3,27.3,21.3,26.7,30.3,24.1,29.9,15.1,24.4,23.9,23.8
2004,4-Apr,22.8,23,30.4,32.5,22.6,20.6,27,21.4,27.8,30.7,28.4,25.1,26,28.2,25.1,22.5,25.2,27.7,21.4,24.4,26.4,29.5,29.2,29.8,29,25.8,12.4,26.8,22.7,23.4,22.5,31.7,28.6,25.2,15.7,24.5,21,30.5,31.3,19.3,24.1,30.6,28.4,28.3,28.3,18.7,30.1,30.2,22.9,29,18.1,23.6,22.8,22.2
2004,4-May,25.9,20.7,28.7,31.6,18.8,20.9,25.7,22.3,26.5,32.6,27.3,24.1,25.3,30.7,24.7,27.6,24.8,29.8,18.8,24.8,25.7,30.5,28,30,28.2,25.3,9.7,26.2,27.5,21.2,20,33.6,31.9,22.9,17.7,22,18.4,29.1,33.8,19.9,23.5,32,27.9,27.5,28.9,15.9,32.8,29.3,22.2,27.5,21.1,23.8,19.6,18.6
2004,4-Jun,31.7,18.4,27.1,29.5,15.1,19.6,24.4,22.9,25,31.5,26,22.3,23.8,31.6,23.5,28.7,23.9,29.2,16,23.5,24.1,29.7,26.6,28.4,26.1,23.9,6.6,25.2,29.6,19.1,18.5,33.8,34.1,21.1,24.7,20.1,15.1,27.5,33.4,19,22,30.8,26.8,26.2,28,12.3,31.7,27.3,20.5,26.2,26.5,23.2,17.6,16.1
2004,4-Jul,33,18,25.9,27,14.3,19.7,23.9,24.1,24.8,30.3,24.8,22.2,23.4,33.3,23.2,30.4,23.7,29.5,15.4,23.2,23.6,27.9,25.8,26.4,24.4,23.5,5.6,24,30.3,19.2,18.3,31.5,33.4,21.1,27.3,19.9,14.1,26,31.4,19.4,21.6,28.6,25.9,24.8,27.5,10.8,31.3,26.8,20.5,25.3,29.4,23,17.3,16
2004,4-Aug,33.1,20.1,25.8,26.9,18.8,20.9,24.1,25.6,24.8,29.4,25,22.7,24.1,32.7,24.1,29.8,23.5,28.6,19,23.1,24.1,27.5,25.7,26.3,24.5,23.9,9.5,24.2,30.4,20,20.8,31.1,33,21.2,27.3,22.4,16.7,25.8,31,20.1,21.2,28.2,26.1,25.2,27.5,14.5,30.6,26.7,21.6,25.3,30.6,23.3,20.5,19.6
2004,4-Sep,29.2,22.6,26.6,27.7,21.2,21.2,23.9,26,24.4,29.1,25.7,23.4,24.4,30.6,24.5,27.7,23.9,28.1,18.7,23.1,24.8,27.6,26.4,26.8,25.2,24.4,10.8,24.9,27.4,21.6,22.5,31.2,31.7,21.7,23.6,23.4,19.3,26.7,31,19.5,22,28.4,26.6,25.8,27.8,15.6,30.2,26.7,22.6,26.1,25.9,22.9,23.5,21.7
2004,4-Oct,25.5,23.6,27.8,29.5,25.7,21.4,24.9,25.8,25.1,28.3,26.5,24.4,25.1,27.5,24.9,25.2,24.4,27.4,21.3,22.2,25.7,29.2,27.3,28.3,26.2,24.6,14.2,25.8,24.5,22.7,24.7,30.5,30.3,22.5,19.6,25.5,22.7,27.7,29.5,19.5,22.7,29.9,27.1,26.6,26.2,19.4,29.7,27.7,23.7,26.9,23.6,23.2,25.5,24.7
2004,4-Nov,17.1,23,28,28.7,27.7,20.3,24.8,24.9,25,25,26.9,25,25.1,26,24.6,19.9,24.7,26.1,24,22,25.6,28.2,27.9,28,26.1,24.9,17.4,26,18.7,23.8,25.8,26.6,25.8,23.7,13.4,27.2,24.8,27,25.2,19.1,23.5,28.6,27.4,26.9,25.8,23.2,25.8,27.7,23.6,27.6,15.1,23.5,25.2,26.3
2004,4-Dec,13.5,23.7,27.8,27.7,27.2,20.1,24.5,22.9,24.6,22.5,27.3,25.3,25.2,24.5,24.6,14.8,24.9,23.4,24.1,21.6,25.7,25.9,27.8,26,25.9,25,17.4,26.6,14.5,24.6,24.2,24.1,21.5,24.9,9.9,26.5,24.9,26,21.6,18.9,24,26.3,27.4,27,25.4,23.4,21.9,27.1,23.1,27.7,12.3,23.5,24.4,25.1
2005,5-Jan,10.9,23.8,26.5,25.2,27.6,20.4,24,21.7,24.4,20.8,25.8,25.9,25.3,23.8,24.7,13.8,25.1,22.2,24.6,21.5,26.4,25.4,26.9,25.4,24.9,25,17.9,25.2,12.4,25,24.3,21.4,20.7,26.6,8.2,27,25,24.5,18.8,19.1,24.1,25.5,27,25.7,25.3,23.9,20.3,26.8,23.4,26.8,9.1,23.5,24.4,25.5
2005,5-Feb,13.7,23,30.8,30.4,26.7,20.9,26.4,20.2,28.3,24.4,29.5,26.3,26.4,26.4,25.6,15.6,25.9,25.9,25,24.3,26.8,26.3,30.7,26.4,27.3,26.5,17.7,27.5,14.8,25.3,25.2,25.8,22.1,26.1,8.9,27.5,24.7,28.3,23.6,20.4,24.7,26.3,28,27.9,26.5,24,25.9,31.5,24,30.4,9.9,26,24.3,25.3
2005,5-Mar,18.8,24,31.9,32.9,25.3,21.1,27.2,21.8,27.8,28.2,29.5,26.2,26.1,27.1,25.6,18.6,25.5,26,22.8,24.6,26.7,29.5,30.6,29.4,28.9,26.8,15.1,27.5,19.1,24.9,24.6,29.2,26.7,26.4,14.2,26.7,23.4,31.1,28.7,20.1,24.5,30,28.6,28.7,27.7,21.4,26.9,30.9,24.1,30.8,14.9,25.4,25,24.6
2005,5-Apr,23.1,23.2,31.3,33.5,22.1,20.8,27.1,22.2,28,30.5,28.8,25.7,26.2,28.7,25.5,22.8,25.4,28.5,20.8,25.1,26.7,30.1,30,30.1,29.2,26.6,11.7,27,22.1,23.6,23.4,32.2,29.3,25.2,16.9,25.2,20.5,30.9,31.4,19.9,24.7,31.3,28.8,28.3,28.7,17.9,30.6,31.5,23.3,30,18.4,25.2,23.4,22.6
2005,5-May,28.4,21.3,29.3,31.9,19.2,20.3,25.7,23.4,26.2,31.5,27.6,24.8,25.3,30,24.7,26,24.8,28.9,19.2,24.3,25.8,31.1,28.5,30.3,28,24.8,9.5,26.3,26.8,21.9,20.9,34.1,33.5,23.3,21.4,22.8,18,29.2,32.9,19,23.5,32.4,28.4,27.4,28.4,15.3,31.3,28.7,22.2,28.2,23.6,23.3,21,19.8
2005,5-Jun,32,19.8,27.2,29.3,16.7,20.1,24.3,23.5,25.3,31.3,26.2,23.1,23.9,31.5,24,29,23.8,30,17.4,23.4,24,30.2,26.9,28.9,26.4,23.8,6.9,25.8,29.5,20.3,20.4,33.6,34.4,21.7,24.9,21.7,15.4,27.2,32.7,19.2,21.9,31.1,27.1,26.8,27.3,12.3,32,27.3,21.4,26.4,27.7,23.1,20.1,18.7
2005,5-Jul,33.6,18.9,26.2,27.4,15.8,20.4,23.8,24.3,24.5,30.2,25.2,22.4,23.7,32.8,23.7,30.4,23.2,28.8,16.8,22.9,23.5,28.2,26,26.7,24.8,23.2,7.3,24.4,30.9,19.2,19.6,31.9,33.4,20.7,27.1,20.7,15.4,26.2,31.8,19,21.2,28.9,26.4,25.2,27.2,12.7,30.8,26.2,21.3,25.5,30.7,22.3,18.9,17
2005,5-Aug,32.5,20.5,25.6,26.7,18.9,21,23.7,25.6,24.4,29.1,25,22.7,24,32.8,24.2,30.7,23.4,28.9,19.3,23.2,24,27.9,25.6,26.7,24.7,23.7,9.4,24.1,30.6,19.6,21.1,31,33.2,20.5,27.1,22.8,16.2,25.5,30.8,19.7,21.4,28.6,26.2,25.2,27.6,14,30.8,26.5,21.7,25.1,29.3,22.9,21.3,20.3
2005,5-Sep,29.3,22.3,26.7,27.7,22.9,21.6,24.4,26.1,24.6,29.2,25.9,23.3,24.8,30.9,24.7,28.7,24.5,28.4,21.2,23.4,25.3,27.6,26.6,26.8,25.1,24.6,13.4,25.2,28.8,21.3,22.8,31.2,31.7,21.1,23.1,24.3,20.3,26.6,31.1,19.9,22.5,28.2,26.7,25.9,28.1,17.7,30.4,27.1,22.8,26.2,26.3,23.6,23.4,22.7
2005,5-Oct,25.1,24.4,27.5,29.2,26,21.7,24.6,25.7,24.7,27.9,26.7,24.2,24.9,28,24.8,24.2,24.4,27.5,22.1,22.6,25.6,28.8,27.4,27.9,25.9,25.1,14.7,25.8,24.3,22.6,25.4,30.1,30.1,21.8,19.9,26.3,22.6,27,28.9,19.7,23,29.6,27.1,26.4,26.9,19.6,29.1,27.2,24.1,26.9,22.5,23.1,26.6,25.6
2005,5-Nov,17.8,23.5,28.2,28.4,26.7,21,24.6,24.5,25,24.4,27.1,25.4,24.7,25.8,24.9,18.4,24.5,25.6,22.8,21.7,25.4,27.7,28.1,27.6,26,25.2,15.6,26.3,18.3,23.8,26.4,26.4,26,23.2,13.7,27.5,23.3,26.7,24.4,19.5,23.7,28.1,27.3,26.7,26,21.3,24.9,27.7,24.5,28,16.5,23.8,26.2,26.1
2005,5-Dec,12.8,22.8,27.8,26.7,26.4,21.2,24.7,23.3,25.1,23.2,26.5,25.5,24.9,24,24.5,16,24.7,24.7,22.9,21.1,25.3,26.5,27.7,26.5,25.6,24.4,16.1,26.1,14.5,24.4,25,23,22.8,24.8,10.2,26.7,24.4,26.1,21.6,19.3,23.8,26.9,27.2,26.6,24.9,22.2,24.2,27.9,24.2,27.7,11,22.8,24.2,24.5
2006,6-Jan,11.8,22.8,27.6,26.2,26.7,21.5,24.8,21.3,25.9,22.8,26.4,25.9,25.6,24.4,25.1,14,25.5,24.2,24.4,22.3,26.5,25.3,27.6,25.3,25.4,26,17.9,26.3,12.8,25,24,22.4,20.3,25.8,8.6,26.7,24.7,26.5,21.6,20.3,24.3,25.5,26.9,26.5,25.2,23.8,23.4,29.4,24.2,27.6,9.2,25.5,23.4,24.7
2006,6-Feb,14.4,22.7,29.8,28.6,25.8,21.6,26.2,20.5,27.6,25.6,28.3,25.7,25.7,26,25.2,16.2,25.4,25,24.4,23.9,26.1,26.6,29.8,26.7,26.7,27,17,26.5,15.8,24,24,24.3,22.4,25.9,10.3,26.4,23.8,28.8,24.8,20.5,24.4,26.6,28.1,27.5,26.8,23.3,24.8,30.6,24.1,29.6,11.5,25.4,23.5,24.5
2006,6-Mar,18.8,22.8,30.9,31.6,23.8,20.6,26.7,21.6,27.8,27.7,28.5,26.1,25.8,26.6,25,19,25.2,25.4,22,24.3,26.3,29.1,29.9,29,28.5,27,14.1,26.7,18.7,24.8,23.6,28.3,26.7,25.9,14.1,25.9,22.3,30,27.1,19.4,24.3,29.8,28,28.3,27.6,20.3,26.7,30.7,23.8,30,15.5,24.6,23.3,23.1
2006,6-Apr,23.5,22.5,31.3,32.9,21.8,20.4,26.6,21.5,27.6,29.6,28.9,24.8,26.1,27.9,25.2,22.4,25.3,27.3,20.7,24.3,26.5,29.5,30.2,29.4,28.9,25.9,11.7,27,22.9,23.7,22.7,31.4,29.8,25.1,17.3,24.8,20.9,30.2,30.1,19.4,24.4,30.8,28.4,28.1,28.1,18.1,29.1,30.6,22.5,30.1,20.2,24.1,22.4,22
2006,6-May,28.2,20.7,29,31.8,16.8,20.1,25.7,22.1,26.2,32,27.2,24.6,25.1,30.1,24.3,26.4,24.8,29.1,17.1,24.1,25.7,30,28.2,29.5,27.5,24.9,7,25.9,27.2,21.7,21.2,33.2,31,23.3,20.8,22.7,16.5,29.2,33.2,18.8,23.5,31.2,28.4,27,28.6,13,31.9,28.1,22.3,27.8,24.3,22.8,20.1,18.6
2006,6-Jun,31.7,18.9,28.2,30.3,15,19.5,25.3,23.3,25.2,31.6,26.8,23,25,32.2,23.8,29.8,25.1,30.2,15.9,24,25.5,29.8,27.6,28.4,26.2,23.9,6.2,25.9,29.6,20,19.3,34.2,34.1,22.3,23.5,20.8,15.2,28.3,33.7,18.6,23.2,30.9,27.4,26.5,28.3,12,32.4,27,20.9,27.2,27.8,22.4,18,16.5
2006,6-Jul,33.7,18.4,27,28.1,15.6,19.6,24.1,24.3,24.6,30.5,25.7,22.2,24.1,33.6,23.4,29.7,23.6,29.7,17,23.3,23.9,28.7,26.7,27.3,25.5,23.3,7.5,24.9,30,19.3,18.7,32.7,34.3,21,27.8,20.5,15.2,27,32.4,18.8,21.8,29.4,26.5,25.9,27.4,12.5,31.2,26.5,20.3,26.3,30.3,22.3,17.7,16.9
2006,6-Aug,32.5,20.1,25.7,26.7,17,21.2,23.8,25.6,24.3,29.3,25.3,22.9,24.1,32,24.1,31.1,23.7,28.3,17.1,22.6,24.2,27.7,25.9,26.4,24.7,23.8,7.7,24.5,31.3,19.9,20.4,30.9,32.8,20.8,26.9,21.7,15.9,25.8,30.9,20.1,21.8,28.4,26.6,25.4,27.2,12.8,30.4,26.4,21.7,25.3,29.7,22.8,20.2,18.4
2006,6-Sep,29.2,22.2,26.1,27.1,21.8,21,23.7,25.9,24,28.8,25.6,23.2,24.1,30.4,24.2,28.9,24,27.6,19.3,22.8,24.7,27.4,26.2,26.7,25,24.2,11.8,24.9,28.7,20.8,22,30.8,31.7,21.4,23.7,23.1,20.8,25.9,30.5,19.1,22.2,28.2,27,25.8,27.8,16.7,29.9,26.3,22.5,25.7,25.9,22.4,22.8,21.1
2006,6-Oct,25.2,23.3,27.8,29.2,25.7,22.3,24.7,25.6,24.8,28.2,26.4,24.5,25.1,28.3,24.9,24.9,24.5,27.4,22,22.8,25.8,29,27.3,28,25.9,25.6,14.5,25.6,24,22.6,25.3,30.3,30.7,22.3,20,26.2,22.7,27.4,29.5,20.6,23,29.9,27.5,26.6,27.1,19.8,29.3,27.5,24.4,27,22.9,23.9,25.6,25.4
2006,6-Nov,18.2,22.7,27.2,27.2,26.1,20.5,24.1,24.9,24.3,23.8,26.2,25.4,24.2,25.9,24.2,17.8,24.1,25.2,22.3,21.8,25,28,27.2,27.9,26,25,15.3,25.7,17.1,24,25.2,25.6,26.7,24.1,15.6,26.7,23.3,25.7,22.9,19.4,23.2,28.5,27.6,27,26,21.2,24,26.9,23.6,27.1,16.8,23.5,24.8,25.3
2006,6-Dec,13.1,22.7,26.6,25.2,26.8,19.4,23.6,22.4,23.9,20.7,25.6,25.5,25,23.5,24.2,14.1,24.6,22.3,24.4,21,25.5,24.5,26.7,24.6,24.1,24.8,16.9,25.3,13.7,24.9,24.7,21.5,20.8,25.7,10.2,27.3,24.1,24.2,19,18.4,23.5,24.8,27.6,25.6,25,22.9,20.3,26.7,22.8,26.7,12.5,23.2,23.5,25.4
2007,7-Jan,12.6,22.9,26.2,24.6,26.8,20.2,23.8,21.8,23.9,19.9,25.8,25.9,25.1,23.4,24.3,13.1,25.2,21.6,24.3,21.2,26.4,25.3,26.6,25.3,25.1,25.2,18.2,25.6,13.2,25,23.4,21.4,21.7,26.6,9.7,26.2,24.8,24.1,18.4,19,24.2,25.6,27.4,26.2,25.1,24.1,19.4,26.5,23.1,26.5,12.2,23.9,22.9,24.2
2007,7-Feb,15.8,22.8,29.4,28.4,26.9,20.4,26.1,21.6,27.1,24.6,28.5,25.9,25.8,25.3,24.9,15.4,25.6,23.7,25.3,23.2,26.4,27.7,29.7,27.6,27.3,26.2,18.2,26.8,15.5,24.8,23.8,24.8,23.9,26.2,12.5,26.8,24.1,27.9,23.1,19.6,24.5,27.9,28.6,28,26.6,24.1,23.1,29.5,23.2,29.4,13.6,24.8,23.5,25
2007,7-Mar,18.1,22.9,31.3,31.5,25.4,20.6,26.8,21.7,28.1,27.3,29.2,25.9,26.1,26.9,25.4,18.5,25.6,25.6,23.7,24.5,26.7,29.2,30.4,29.2,28.8,26.6,15.7,27.5,18.4,24.7,23.8,28,26.1,25.6,13.6,26.4,23,29.8,26.4,19.8,24.7,29.7,28.5,28.8,27.8,21.9,26.8,31.5,23.3,30.3,14.6,25.5,23.7,24.5
2007,7-Apr,22.5,22.5,30.8,32.8,22.9,20.6,26.9,21.6,27.5,31.2,28.4,25.8,25.9,28.3,25.1,22.6,25.2,28.2,21.6,24.7,26.5,29.7,29.5,29.7,28.9,25.9,12.8,26.7,23.3,23.7,23.1,31.4,28.6,24.9,15.3,25.1,22.1,30.9,32.2,19.6,24.5,30.8,28.7,28.3,28.4,19.3,30.3,31.2,22.9,29.4,18.6,24.4,22.6,22.3
2007,7-May,27.2,20.8,29.4,32.1,18.1,21.1,26.1,22.5,27.2,32.3,28,24.9,25.7,30.4,25,27.4,25.2,29.9,18.4,24.8,26.2,30.7,28.6,30.1,28.5,25.3,8.9,26.7,27.2,22,20.9,33.7,32.1,23.6,19.6,22.6,17.8,29.6,33.7,20.1,24.1,32.2,28.8,27.9,28.8,14.9,33,30.2,22.4,28.2,23,24.2,20.1,19
2007,7-Jun,31.8,18.5,27.7,30.5,15.1,19.6,24.6,22.6,25.1,31.6,26.9,23.3,24.2,31.8,23.6,29.7,24.1,29.7,16.5,23.7,24.5,29.6,27.4,28.3,26.6,23.8,6.4,25.9,30.6,20.1,19.6,34.6,33.8,21.7,23.3,21.2,14.7,27.8,33.6,18.6,22.2,30.6,27.7,26.7,28,12,31.8,26.9,21.1,26.8,28.2,22.5,18.3,17
2007,7-Jul,33.2,18.2,26.4,27.6,14.7,19.3,24.2,23.9,24.3,29.9,25.6,22.1,23.9,32.2,23.3,30.4,23.8,28.1,15.9,22.5,24,28.2,26.4,26.8,25.1,23,6.3,24.7,30.4,19.3,18.3,32.2,34,21.4,27.5,20,14.5,26.5,31.7,18.5,22.1,28.9,26.7,25.5,26.9,11.4,29.8,26.1,20.2,25.8,29.4,22.1,17.5,16.1
2007,7-Aug,32.6,20.1,25.6,26.3,17.6,20.9,23.7,25.2,24.1,28.6,24.8,23,24,32.1,24,30.7,23.5,28,17.8,22.6,24,27.2,25.6,26,24.3,23.8,8.6,24,30.7,19.8,20.2,30.6,32.4,21.1,26.4,21.6,15.9,25.7,30.8,19.6,21.3,27.9,27,25.1,27.3,13.5,29.7,25.8,21.5,25.2,30.1,22.5,20.1,18.6
2007,7-Sep,29.7,22.3,26.5,27.6,23.1,22.1,23.9,25.8,24.2,28.8,25.8,23.9,24.3,30.7,24.4,27.6,24.3,28,21.3,23.1,25,27.3,26.4,26.5,24.9,24.8,13.7,25,27.9,21.2,23.5,31.1,31.7,21.5,22.9,24.6,20.3,26.2,30.5,20.1,22.5,28.1,27.1,25.6,27.9,17.8,29.6,26.7,23.6,26,26.7,23.1,24,23.1
2007,7-Oct,24.3,23.2,27.8,29.6,24.4,21.6,24.4,25.5,24.8,28,26.5,24.6,24.5,27.8,24.5,25.6,24.1,27.4,20.3,22.4,25.3,29.1,27.4,28.2,25.9,25.4,13.2,25.4,24.2,22.6,24.9,30.4,30.2,22,19,25.6,22.2,27.2,29,19.8,22.8,29.8,27.2,26.5,26.8,18.7,29.7,27.5,24.1,27.2,21.5,23.3,25.3,24.2
2007,7-Nov,17.6,22.8,28.4,29.1,25.7,20.8,24.8,24.4,25.4,25.7,27,25.6,24.6,25.8,24.6,19.8,24.3,26.2,22,21.8,25.2,27.4,28.1,27.3,25.7,25,14.9,25.9,18.6,24,25.7,26.8,25.8,23.9,14.4,27,22.4,27.3,25.4,19.5,23.2,27.8,27.2,26.7,25.8,20.3,26.4,28.2,24.1,28,15.3,23.5,25,25.5
2007,7-Dec,12.9,22.6,27.4,25.9,25.7,20.6,24,22.6,24.4,22,26.1,26.3,24.7,24,24.5,15,24.3,24.2,22.5,21.3,25.2,24.9,27.1,25,24.4,25.1,16,25.7,13.5,24.7,24.5,22,20.9,25.2,10.5,26.5,24,25.6,20.9,19.6,23.5,25.1,27.4,25.8,24.9,22.1,22.8,28.5,23.6,27.2,11.4,24.1,23.4,24
2008,8-Jan,12.2,22.6,25.1,22.9,26.5,20.7,23.5,21.7,25,20.7,24.3,25.8,24.7,24.2,24.6,12.4,24.5,22.9,23.8,22.1,25.7,24.6,25.4,24.6,23.6,25.7,17.5,24.5,12.3,24.8,23.6,19.6,20.1,25.9,10.5,26.3,24.9,23.2,17.4,19.7,23.5,24.7,27.5,24.9,25.2,23.5,21.3,28.8,23.3,25.4,11.1,25.3,23.1,24.1
2008,8-Feb,14.9,22.6,28.5,27.7,26.3,19.9,25.1,21.5,25.9,22.2,28,25.3,25.2,24.3,24.5,13.9,25.1,23.4,24.5,22.4,25.9,27.6,28.9,27.6,27.3,25.7,17.5,26.3,13.4,24.7,23.2,24.2,23.8,25.7,12.8,26.2,24.1,26.3,20.1,19.2,24.2,27.8,27.3,28,25.4,23.7,22,29,22.6,28.6,11.8,24.5,23.1,24.2
2008,8-Mar,18.6,22.7,30.8,31.5,24.5,20.1,26.5,21.9,27.9,28,28.9,25.3,25.5,25.6,24.9,20.8,24.9,26.5,23,23.5,26.1,29,29.9,29.2,29,26.2,15.3,27.1,19.7,24,22.9,28.6,27.4,25.3,14.3,25.5,22.9,29.9,27.3,19.3,24.1,30,27.9,28.6,26.1,21.5,28.2,31.8,22.8,29.9,15.1,24.7,22.8,23.1
2008,8-Apr,23.2,22.3,30.7,32.5,21.4,20.1,26.2,22.1,26.4,29.8,28.6,25.2,25.4,28.3,24.4,23.6,24.8,28.1,20,24.3,26,30.2,29.7,30.2,29,25.6,11.3,26.8,23,22.9,21.9,31,30.2,24.9,17.7,23.7,20.5,29.9,29.9,19,24.1,31.5,28.1,28.2,28.4,17.8,30.5,29.9,22.4,29.5,19.6,23.5,21.7,20.8
2008,8-May,27.1,20.8,29.1,31.9,18.9,20.1,25.5,22.8,26,31.7,27.6,24.3,25.3,29.9,24.5,26.9,25,28.9,19.5,24.2,26,31.3,28.5,30.6,28.3,24.7,10.1,26.1,28.2,21.4,21.1,33.4,32.2,23.1,18.9,22.9,18.1,29,33.2,19.1,23.9,32.6,28.1,27.5,28.4,16,31.7,28.8,22,28,23.9,23.1,20.3,19.6
2008,8-Jun,31.6,18.4,27.5,29.6,15.6,19.2,24.6,23.3,25,31.7,26.1,22.3,24,31.6,23.4,30.6,24,29.8,16.6,23.6,24.3,29.9,26.9,28.5,26,23.6,6.8,25.4,30.6,19.4,18.5,33.8,33.9,21.3,24.3,20.3,15.4,27.8,33.5,18.5,22.1,30.8,26.9,26.3,27.8,12.5,32.4,27.2,20.2,26.5,26.8,22.6,17.6,16.6
2008,8-Jul,33.5,18.2,26.1,27.1,15.4,19.6,23.8,24.1,24.5,30.2,24.9,22.1,23.7,33,23.3,30.4,23.5,29.2,16.8,23,23.7,28,25.9,26.5,24.6,23.4,7.2,24.2,31,19.3,18.7,31.8,33.5,20.7,27.2,20.5,15.1,26.1,31.6,19.1,21.8,28.7,26.1,25,27.3,12.1,31,26.6,20.3,25.4,30.8,22.7,17.8,16.8
2008,8-Aug,32.7,20.1,25.7,26.3,18.7,21.5,23.7,25.2,24,28.8,24.7,22.4,23.9,32.8,24,31,23.3,28.7,18.8,23.1,23.9,27.1,25.6,25.8,24.1,24.4,9.2,23.9,30.4,19.7,20,30.5,32.6,21.2,27,21.8,17,25.8,30.8,20.3,21.4,27.7,26.4,24.8,27.6,14.3,30.4,26.5,21.8,25.3,30,23.2,20.1,19.2
2008,8-Sep,29.7,22.3,26.4,27.5,21.4,22.5,24.1,26,24.4,29.3,25.6,23.4,24.5,30.9,24.6,29.2,24.3,28.2,19.8,23.3,25.2,27.6,26.2,26.8,25.1,25.4,11.3,24.8,29,20.9,22.9,31.1,31.4,21.9,22.7,24,18.4,26.4,31,20.7,22.6,28.4,27.3,25.8,28.4,15.3,30.2,26.9,23.5,25.9,27,23.8,23.6,22.5
2008,8-Oct,23.7,23.2,27.7,29.1,25.6,21.1,24.7,25.2,25,28.2,26.1,24.6,24.9,28,24.6,24.4,24.4,26.8,21.6,22.6,25.5,28.3,27.2,27.4,25.3,25.4,14.3,25.1,24.1,22.8,25.2,29.9,29.1,22.9,17.5,26.1,22.4,27.3,29.1,19.3,22.9,29,27.6,25.9,27.1,19.6,28.6,27.4,24.1,27,22.1,23,25.6,25.2
2008,8-Nov,16.9,22.9,27.8,27.8,26.5,20.6,24.8,24.2,25,24.8,26.4,25.8,25,25.4,24.6,20.3,24.7,25.5,22.6,21.5,25.6,27.8,27.6,27.6,25.6,24.7,15.7,25.6,19.2,23.9,25.9,26,25.3,24.4,12,27.2,23.3,26.5,24.5,19.3,23.6,28.1,27.8,26.5,25.5,21.5,25.8,27.6,24,27.5,15.8,23.3,24.9,25.5
2008,8-Dec,12.7,22.8,27.6,26.4,27.1,20.2,24.4,22.5,25.1,23.1,26.2,25.7,25.1,24.1,24.6,16.2,24.6,24.5,24.1,21.2,25.5,25.2,27.5,25.3,24.8,24.9,17.3,25.5,14.8,24.6,24.6,22.4,20.9,25.7,9.3,26.9,24.9,26,21.6,19,23.6,25.4,27.6,26,24.9,23.5,23.7,28.2,23.6,27.6,11.3,23.3,23.5,24.9
2009,9-Jan,12.3,23.4,27.1,24.7,27.3,21.1,24.5,20.4,25.7,22.8,25.7,26.1,24.7,24,24.9,14.9,24.8,23.6,24.6,21.8,25.8,23.5,27.3,23.4,23.4,25.8,17.9,24.8,14.5,25.2,24.1,20.5,19.1,26.8,9,27,24.7,25.9,21,19.9,24.2,23.4,27.3,24.5,25.2,23.7,22.8,29,23.9,27.4,11.2,25,24.1,25.2
2009,9-Feb,14.9,23,30.2,30.1,26.3,20.2,26,20.4,27.1,25.1,29.4,25.6,25.5,25.5,24.7,15.9,25.3,25.3,24.1,23.5,26.1,26.2,30.3,26.2,27.1,26,16.7,26.9,15.2,25.1,23.5,26.1,22.8,26.7,10.9,26.5,24.2,28.8,24.6,19.7,24.4,26.3,27.8,27.4,26.3,23.2,24.9,30.5,23,29.9,11.2,25,23.3,24.5
2009,9-Mar,19,22.8,31.3,32.4,24.7,21,27,20.4,27.8,27.5,29.4,25.7,26.1,26.9,25,17.7,25.5,25.4,22.7,24.5,26.5,27.8,30.3,28.1,28.6,27.1,15.4,27.2,18,24.5,23,29.5,26,26.4,14.3,25.5,23.1,30,27.2,20.1,24.4,28.6,28.7,28.2,27.8,21.6,25.9,30.8,23.6,30.3,14.6,25.1,22.7,23.1
2009,9-Apr,22.2,22.3,30.4,32.9,22.6,20.6,27,21.6,27.8,31.5,28.6,25.2,25.9,29.3,24.8,23.4,25.4,29.2,21.1,25.5,26.6,29.7,29.2,29.7,29.1,26.7,12.8,26.9,23,23.4,21.7,31.5,28.7,25.7,15.4,23.9,22.3,30.7,31.9,19.5,24.5,31,28.5,28.3,28.9,19.4,31.8,31.3,22.7,28.9,17.4,24.4,21.4,21
2009,9-May,27.5,20.9,29.6,32.1,18.4,20.9,25.7,22.1,26.7,31.4,27.8,24.6,25.6,30.9,24.9,26,25.2,29.9,19,25,26.3,30.2,28.7,29.7,28.1,25.5,9.2,26.3,26.2,21.8,20.8,33.8,32.6,24,20.3,22.7,17.8,29.3,33,19.9,24.1,31.9,28.9,27.3,29,15.1,31.8,29.8,22.3,28.4,22.8,24,20.2,19.4
2009,9-Jun,32.1,18.6,27.8,30,15.6,20.3,24.9,23.1,25.8,32,26.4,23.7,24.4,33.2,24,30.1,24.4,31.1,17.4,24.9,24.7,29.8,27.2,28.4,26.2,24.6,7.2,25.5,30.2,20.2,20,34.1,33.9,22.5,24.5,21.5,15,28.2,33.8,19.4,22.6,30.8,27.9,26.4,28.7,12.6,33.2,28.4,21.7,26.8,27.6,23.3,18.4,17.5
2009,9-Jul,34.1,18.2,26.6,28,14.4,19.5,24.1,24.5,24.9,30.6,25.5,22.3,23.6,33.2,23.3,30.3,23.4,29.4,15.5,23.2,23.5,28.5,26.3,27,25.2,23.7,6.2,24.6,30.9,19.4,17.8,32.7,34.2,21.2,28.1,19.5,14.8,26.8,32.5,18.9,21.5,29.2,26.6,25.5,27.4,11.4,31.3,26.9,20.3,25.8,31.2,22.8,17,15.5
2009,9-Aug,33.1,20.9,26,27,19.2,21.8,23.8,25.4,24.6,29.4,25,22.9,23.8,33.1,24.3,30.2,23.2,29,17.8,23.4,23.8,27.3,25.8,26.1,24.4,24.7,8.8,24.1,30.2,19.7,20.1,31.3,33.3,21,27.5,21.6,17.8,26.1,31.3,20.7,21.2,28.1,26.6,25,27.9,14.1,30.8,27.3,22,25.4,30.9,23.7,21.5,19.3
2009,9-Sep,28.5,22.4,26.6,27.5,22.4,22.4,24.3,25.9,25.1,30.2,25.4,23.6,24.7,31.9,24.8,28.6,24.3,29.2,20.6,24.2,25.2,27.3,26.4,26.6,24.8,25.3,12.4,24.6,29.1,21.2,23.3,30.7,31.2,21.6,22,24.4,19.4,26.7,31.5,20.6,22,28,27,25.6,28.7,16.7,31.3,27.8,23.5,26.1,26,23.8,24,22.9
2009,9-Oct,24.5,23.5,27.7,29.2,25.7,21.3,24.8,25.6,25.4,28.7,26,24.7,25,28.4,24.9,25.8,24.5,28.1,21.3,23.1,25.7,28.9,27.1,27.9,25.4,25.5,14,25.1,24.2,22.7,25,30.1,30,22.9,20.2,25.9,23.2,27.6,29.8,19.6,23,29.5,27.7,26.1,26.9,19.6,30.1,28.5,24.1,26.9,20.8,23.7,25.5,24.8
2009,9-Nov,18.5,22.9,27.5,27.5,25.6,20.6,24.6,24.4,25,24.8,26.3,25.6,24.8,26.3,24.5,19.2,24.4,26.2,21.1,22.3,25.3,27.4,27.3,27.3,25.1,25.5,14.2,25.6,18,23.8,25.1,25.6,25.6,24.3,16,26.3,23.6,26.4,24.4,19.5,23.2,27.7,28,26.1,26.1,20.4,25.6,28.4,23.9,27.2,16.2,24,24.5,24.6
2009,9-Dec,15,23.1,27.9,26.9,27.2,21.4,24.2,23.1,24.3,22.2,26.6,26.2,25,24.9,24.7,15.7,24.7,24.1,24.1,22.1,25.5,25.5,27.6,25.5,25,26.4,16.5,25.9,15.2,24.7,25.1,23.6,22.5,25.8,12.6,27.4,25,26,21.5,20.3,23.7,26,28,26.2,26.1,22.7,22.2,28.1,24.4,27.7,14,24.7,24.5,25.5
2010,10-Jan,13.5,22.9,28,26.4,26.6,20.8,24.9,22.1,25.1,22.4,27.2,26,25.6,24.4,24.7,15.8,25.6,24.3,24.6,22.2,26.6,25.7,28.2,25.7,25.7,26.1,17.8,26.6,14.7,25,24.8,23,22.4,26.5,10.7,27.4,24.2,26.2,21.2,19.5,24.7,26.1,28,26.2,25.6,23.7,23.5,28.1,24,28.2,11.8,24.2,24,25.4
2010,10-Feb,16.4,23.3,30.4,29.6,26.6,21.2,26.5,21.7,27.4,25.5,29.1,26,26.3,26,25.4,17.7,25.8,25.7,24.6,23.9,26.8,28.3,30.6,28.3,28.1,26.8,17.5,27.2,17.7,25.3,24.1,26.2,25.5,27,13.1,26.9,24.8,29.2,25.3,20.2,24.5,28.8,28.3,28.4,26.3,23.7,25.4,30.4,24,30.3,13.9,25.1,24.1,24.9
2010,10-Mar,19.5,23.7,31.7,32.5,25.7,21,26.8,22.4,27.5,27.9,30.3,26.1,26.4,26.5,25.3,20.8,25.5,26.3,23.8,24.1,26.9,30.3,31.1,30.3,29.9,26.9,16.5,28.2,20.3,25,24.1,29.4,27.5,26.6,14.6,26.5,23.8,30.4,27.5,19.8,24.4,31,28.7,29.4,27.2,22.7,27.6,30.7,23.9,30.9,16.1,24.8,24.1,24.3
2010,10-Apr,23.4,22.5,31.4,33.4,22.2,21.5,27.4,21.9,28,31.6,29.2,26,26.2,28.8,25.4,24,25.5,29.2,21.4,25.4,26.7,30.4,30.3,30.5,29.7,26.8,12.5,27.5,24.1,24.2,23.5,32.2,30.4,25.6,17.6,25.3,20.9,31.3,32.2,20.2,24.8,31.6,29.3,28.7,28.3,18.7,31.3,31.8,23.6,30.2,19.3,24.9,22.7,22.2
2010,10-May,27.1,21.5,30,32.5,19.5,20.9,26.4,22.8,27,32.4,27.8,25.1,26.1,30.1,25.4,27.2,25.3,30.1,19.5,24.8,26.4,31.3,29,30.7,28.5,25.4,10,26.4,27.3,22.9,21.8,34.4,32.8,24.4,19.5,23.5,18.6,30.2,34.6,19.8,24,32.8,29,27.8,28.2,15.8,32.7,29.9,22.7,28.7,22.2,23.8,21.7,20.5
2010,10-Jun,31.5,19.1,28,29.8,14.9,20.3,24.9,23.5,25.4,32.3,26.6,23.5,24.3,32.3,24,30.6,24.4,30.6,15.7,24,24.6,30.3,27.6,28.8,26.3,24,6,25.7,30.7,20.4,19.3,34,33.9,22.7,23.2,20.7,15.4,28.1,33.7,19.3,22.6,31.1,28.1,26.5,28,11.7,32.9,27.3,21.3,27.1,26.8,22.9,18.4,16.4
2010,10-Jul,33.6,19,26.4,27.6,15.7,19.6,24.1,24.4,24.5,30.3,25.4,22.5,24,32.6,23.6,30.6,23.8,29.1,16.6,22.7,24,28.2,26.3,26.7,25,23.3,7.7,24.6,30.8,19.7,18.9,32.3,34,21.4,27.8,20.5,16.2,26.4,31.7,18.9,22,29,26.7,25.4,27.1,12.8,30.9,26.4,20.6,25.8,30.4,22.8,18.3,16.5
2010,10-Aug,32.9,20.1,25.9,26.6,17.6,21.3,23.8,25.6,24.2,29.1,25.2,22.7,24,32.1,24.1,31.6,23.3,28.7,17.7,22.7,23.9,27.6,26,26.3,24.4,24.2,9.1,24.3,30.8,20,19.6,30.6,32.6,21.3,28.3,21.1,16.6,25.8,30.9,20.2,21.5,28.2,26.9,25.2,27.4,14.1,30.6,26.5,21.6,25.5,29.9,23.2,19.6,17.9
2010,10-Sep,29.7,22.5,26.2,26.9,22.6,21.9,23.9,25.9,24.6,29.6,25.4,23.4,24.6,30.6,24.7,29.6,24.2,28.3,20.7,23.1,25.1,27,26.2,26.3,24.5,24.5,13.2,24.6,29,21.1,22.7,30.4,31.4,21.8,24.1,23.9,20,26.1,30.7,20.1,22,27.8,27.4,25.3,27.8,17.5,30.6,27.1,23,25.8,26,23.4,23.7,22.4
2010,10-Oct,24,23.7,27.3,28.6,25.7,22.1,24.9,25.4,25.5,29.3,26.1,24.6,25.3,28,25.1,27.3,24.7,28.1,21.8,22.8,26,28.4,27,27.5,25.3,25.8,14,25.3,25.1,23.3,26,29.8,29.6,23,18.5,26.7,21.8,27.4,30,20.1,23.2,29.1,27.6,26.1,27,19.1,30.7,28.1,24.7,26.7,21.4,23.7,26.6,25.9
2010,10-Nov,18.5,23,28.2,28.7,26.4,21.1,25.1,24.6,25.7,26.2,27,25.4,24.9,26.5,24.8,21.6,24.6,27.1,22.8,22.4,25.5,27.6,27.9,27.5,25.9,25.4,15.7,26,20.1,24.1,26.2,27,25.9,23.9,14.3,27.4,23.2,27.5,26.2,19.8,23.5,28,27.9,26.7,26.1,21.4,27.8,29.1,24.4,27.8,16.4,23.9,25.4,25.7
2010,10-Dec,14.4,22.5,26.9,25.9,26.1,20.8,24.1,23.6,24.9,22.5,26.3,25.8,24.7,25.1,24.4,16.4,24.6,24.7,23.2,22,25.4,26.3,26.9,26.2,25.1,25.9,16.3,25.8,15.1,24.8,24.3,23.1,22.1,25.2,12.2,26.5,24.1,25.3,20.7,19.7,23.9,26.6,27.3,26.4,26.1,22.5,23.3,28.2,24,27.1,12.7,24.2,23.3,24.3
2011,11-Jan,13,22.5,26.8,25.6,26,20.4,23.6,21.7,23.8,21.1,26.4,25.7,24.4,23.5,24.2,14.3,24.5,22.5,23.4,21.6,25.6,25.3,27.2,25.3,25.3,25.7,17.2,25.7,13.6,25.1,23.5,22.4,21.6,26.2,10.6,26.3,24.4,24.8,19.5,19.5,23.7,25.5,27.3,25.9,25.1,23.2,20.9,27.7,23.4,27,11.4,25.1,22.7,23.8
2011,11-Feb,14.7,22.6,29.6,28.4,25.6,20.6,26,20.6,27,25.2,27.5,25.7,25.3,25.5,24.6,16.5,25.2,25.1,24,23.2,26,26.2,29.5,26.2,25.8,26.2,17.2,25.6,15.4,24.7,23.5,23.9,21.8,26.3,10.9,26.2,23.8,28.7,24.9,19.8,24.1,26.2,28,26.8,26.2,23.4,24.7,30,23.4,29.3,11.3,24.7,22.9,23.7
2011,11-Mar,18.9,22.6,31.4,32.9,25.5,20.6,27,20.8,27.5,27.6,29.8,25.4,25.8,25.9,25,18.1,25.4,25.2,24.3,23.9,26.4,28.3,30.6,28.6,29.1,26.6,16.9,27.7,17.9,24.7,23.2,29.9,26.5,26.3,13.3,26.1,23.3,30.5,27.8,19.6,24.6,29.3,28.3,28.8,27.3,22.7,26.3,30.8,23.2,30.4,14.6,24.8,23.1,24
2011,11-Apr,23.8,22.3,31,32.7,21.7,21.2,26.8,21.7,27.4,30.4,28.6,25.5,25.7,28.8,24.9,22.2,25.3,27.9,20.7,25.3,26.4,29.9,29.9,30,29.1,26.9,11.6,26.9,22.4,24.3,22.6,31.5,28.9,25.7,17.7,24.7,20.3,30.5,30.9,20,24.5,31.1,28.8,28.4,28.8,17.8,29.8,30.9,23.2,29.7,19.5,24.6,22.2,21.8
2011,11-May,27.4,20.6,29.8,32.3,18.2,21.3,26.1,21.7,26.4,31.6,27.4,24.6,25.7,29.7,24.9,26.5,25.3,29.3,19,24.3,26.2,29.9,28.8,29.4,28,25.9,8.9,26.1,26.4,21.8,21,34.1,32.6,23.9,20.3,23,17.2,29.7,33.6,20.2,24.1,31.5,28.7,27.4,28.5,14.8,31.6,28.7,22.7,28.5,22.1,24.1,20.2,19.4
2011,11-Jun,31.7,18.8,28,30.1,14.8,20.1,24.8,23,25.4,32,26.6,23.5,24.3,32.8,23.9,29.3,24.3,30.9,15.8,24.6,24.6,29.8,27.4,28.5,26.3,24.5,5.6,25.6,29.5,20.7,19.8,34,34,22.6,24.5,21.1,14.6,28,33.7,19.2,22.4,30.8,27.5,26.5,28.3,11.3,32.9,27.8,21.5,27.1,26.4,23.1,18.8,17.1
2011,11-Jul,33.5,18.3,26.7,27.9,14.1,19.8,24,24.2,24.7,31,25.3,22.4,23.7,33.3,23.2,30.7,23.4,30.2,15.2,23.6,23.7,28.6,26.3,27.3,25.4,23.9,5.5,24.6,30.4,19.8,18.3,32.6,34.1,21.6,27,19.9,14.1,26.8,32.5,19,21.4,29.5,27,25.7,27.4,10.7,32.1,27.1,20.6,25.9,30.3,22.7,17.5,15.9
2011,11-Aug,32.8,20,25.9,26.8,17.4,21,23.7,25.5,24.1,29,25.1,22.7,23.8,32.7,23.7,30.4,23.2,28.8,17.2,23,23.7,27.6,25.8,26.4,24.6,23.8,8,24.2,29.8,19.8,19.4,31,32.7,21.3,27.1,20.9,16.9,25.8,31,19.8,21.4,28.2,27,25.3,27.6,13.3,30.5,25.8,21.6,25.5,29.8,22.5,19.4,17.6
2011,11-Sep,29.8,22.4,26.5,27.8,22.6,21.8,23.9,26.1,24.4,29.2,25.7,23.3,24.5,30.9,24.4,28.3,24.1,28.4,20.5,23.3,25,27.9,26.4,27.2,25.3,24.8,12.5,24.9,28.2,21,22.5,31.1,32,21.8,23.7,23.8,20.7,26.4,30.9,19.9,22,28.6,27.5,26,28.1,16.9,30.1,26.4,23,26,27.4,22.8,23.6,22.4
2011,11-Oct,23.9,23.2,27.6,29.6,24.8,20.5,24.6,25.8,24.4,28,26.4,24.5,24.6,27.7,24.3,24.5,24.2,27,21.1,22.3,25.3,28.9,27.2,28,26,24.9,13.8,25.5,23.3,22.7,24.8,30.5,30.4,23,19.6,25.7,21.7,27.5,29.7,18.7,22.8,29.7,27.3,26.5,26.8,18.9,28.6,26.7,23.5,26.9,20.9,22.4,25.2,24.5
2011,11-Nov,18.3,22.8,27.7,28.4,26.1,19.6,24.3,24.3,24.3,23.9,27.3,25.7,24.6,26.7,24,17.2,24.2,25.7,22.2,22.6,25.1,27.8,27.9,27.8,26.4,24.9,14.5,26.5,17.5,24.4,25.2,26.9,25.8,24.6,14.1,26.7,23.5,26.3,24.1,18.2,23,28.3,27.9,27.2,26.3,20.3,24.2,27.1,23.5,27.5,16.9,22.6,24.6,25.2
2011,11-Dec,13,22.7,26.2,24.9,26.1,19.3,23.8,22.8,24.1,21.1,25.6,26,24.7,24.5,24.1,14.5,24.3,23.8,22.9,21.3,25.1,24.8,26.4,24.8,24,24.6,16,25.3,13.6,24.9,24.1,21.3,20.8,25.5,10.3,26,24,24.4,19.5,18,23.3,25,27.9,25.5,25.3,22.1,21.5,26.1,23.1,26.3,12.5,22.2,23.7,24
2012,12-Jan,11.9,22.5,26.8,24.7,27.1,20.1,24.4,21.6,24.6,21.1,26,25.6,25.2,23.8,24,12.3,25,22.7,24.8,21.6,26.1,25,27.2,25,24.4,25.4,18.8,25.4,12.1,24.6,23.2,20.7,20.3,26.1,9.1,26.1,24.9,25,19.3,18.9,23.8,25,27.7,25.4,25.3,24.6,20.5,26.7,23.3,27.1,10.8,23.6,22.8,24.3
2012,12-Feb,13.3,22.7,29.3,28.4,26.4,21.1,26,20.4,27.1,25.1,27.8,25.6,25.1,25.1,24.9,15.1,25,25.4,24.9,23.2,25.7,26.3,29.2,26.3,26,26,17.5,25.8,13.8,25.2,23.8,24.2,21.8,26.6,8.9,26.7,23.9,28.5,24.4,20.1,23.9,26.2,28,26.9,25.8,23.4,24.8,30.1,23.7,29,9.4,24.8,23.9,24.9
2012,12-Mar,18.2,22.9,30.8,31.2,25.2,20.4,26.3,21.6,27.5,26.8,28.8,25.5,25.9,26.4,24.9,17.1,25.2,25.4,23.7,24,26.4,28.9,30.1,28.9,28.4,26.6,16.1,27,17.5,24.5,23.6,27.6,25.9,25.9,14.1,26.1,23.5,29.2,25.6,19.2,24.2,29.4,28.6,28.3,27.4,22.2,25.9,29.8,23.4,30,14.7,24,23.4,23.7
2012,12-Apr,22.5,22.3,30.7,32.8,21.8,20.5,27.2,21.6,27.7,31.4,28.2,25.2,25.8,28.1,24.7,24,25.4,28.2,20.3,24.5,26.5,29.9,29.3,29.9,28.7,26,11.1,26.4,23.5,23.7,21.6,31.3,28.4,25.4,14.9,23.8,21.1,30.9,32.3,19.1,24.6,30.9,28.8,28,28.3,17.7,30.4,30,22.7,29.2,19,23.4,21.6,21
2012,12-May,27.9,20.6,28.9,31.7,18.7,19.9,25.7,22.5,26.4,31.9,27,24.3,25.2,30.7,24.2,27.8,25,30.4,19.4,24.8,25.9,30.4,28,29.7,27.7,24.7,9.5,25.8,27.2,21.9,20.6,33.6,32.4,23.6,21.4,22.6,17.4,29,33.3,18.7,23.8,31.9,28.8,27.1,28.3,15.2,32.8,28.8,21.9,27.6,22.9,22.7,20.2,19.3
2012,12-Jun,32.5,18.6,27.3,29.4,15.2,19.9,24.5,23.2,25,31.5,26,23.1,24,31.8,23.6,30.5,24.3,30.2,16.7,23.8,24.6,29.9,26.9,28.5,26.1,24.2,6.3,25.3,30.5,20.3,19,33.5,33.9,21.9,24.7,20.9,15,27.3,33.1,19.1,22.6,31,27.3,26.4,28,11.8,32.5,27,20.9,26.4,29.1,22.8,18.1,16.8
2012,12-Jul,33.6,18.1,25.9,27.1,14.9,19.4,23.6,24,24,29.6,25.1,22.1,23.5,33,23,31.4,23.2,29.6,16.9,22.7,23.5,27.9,25.9,26.4,24.7,23.1,6.7,24.4,30.8,19.4,18.3,31.8,33.7,21.4,27.8,20.2,14,25.7,31.2,18.6,21.3,28.7,26.4,25,27.2,11.4,30.9,25.5,20.3,25.3,31.4,21.9,17.5,16.5
2012,12-Aug,33.5,20.1,25.5,26.3,18.1,21.2,23.5,25.4,23.7,28.2,24.9,22.9,23.9,32.3,23.8,31.1,23.4,28.5,18.6,22.4,23.9,27.3,25.6,26,24.3,23.9,8.7,24.1,30.5,20.2,20,30.5,32.8,21.5,28.4,21.9,16.1,25.2,30.3,19.9,21.5,27.9,26.8,25.1,27.4,13.4,29.8,25.2,21.7,25.1,31.1,22.4,20.1,19
2012,12-Sep,29.5,22.3,26.3,27.2,21.2,21.3,23.8,25.8,24.2,28.9,25.4,23.5,24.3,31.2,24.3,28.5,24.1,28.4,19.2,23.4,25,27.3,26.1,26.6,24.9,24.6,11.2,24.7,27.9,21.6,23.1,30.8,31.6,21.6,23.4,24.1,18.7,26,30.4,19.5,22.3,28.1,27.1,25.7,28.3,15.4,30.1,26.3,22.9,25.8,26.7,22.8,23.9,22.4
2012,12-Oct,25.1,23.3,27.6,29.1,25,21.9,24.2,25.6,24.3,27.8,26.3,24.4,24.8,28.2,24.6,26.2,24.2,28,21.1,22.8,25.6,28.8,27.2,27.9,25.8,25.3,13.3,25.3,25.1,22.9,25,30.1,30,22.7,19.2,26,22.6,27.2,29.2,20,23,29.6,27.4,26.5,26.8,18.8,29.7,27.3,24.3,26.9,23.2,23.2,25.4,24.7
2012,12-Nov,19.1,22.9,28.5,29.2,26.5,20.6,24.9,24.8,25,25.5,27,25.5,24.9,26.3,24.4,20.9,24.4,26.1,22.4,22.1,25.4,28.6,28.1,28.6,26.7,25,15.4,26.2,19.8,23.9,25.2,27.2,26.2,24.3,15.1,26.5,23.5,27.4,25.8,19.2,23.3,29.1,27.9,27.2,26.2,21.4,25.9,27.3,24,28.1,18.2,23,24.8,25
2012,12-Dec,13.5,22.7,27.5,26.2,26.2,20,24.1,22.4,24.3,22.2,25.9,26.3,25,24.7,24.1,15.5,24.8,24.2,23.4,21.4,25.6,24.8,27.1,24.9,24.3,24.4,16.4,25.1,14.1,24.9,24.5,22.4,20.7,26,11,26.7,24.6,25.6,20.9,18.4,23.9,24.9,27.9,25.8,25.4,22.6,22.3,26.3,23.4,27.3,12.5,22.2,23.5,24.4
2013,13-Jan,12.6,22.8,27.4,25.2,26.8,21.3,23.9,21.3,24.6,21.7,26,26.1,25.1,24.8,24.5,14.4,24.8,24,24.6,22.5,26.2,24.4,27.4,24.4,24.3,26.3,18.3,25.2,13.1,25.4,23.9,21.6,20.8,26.3,10.5,26.6,24.7,25.6,20.2,20,24.4,24.6,27.4,25.3,25.8,24.1,22.7,28.1,24.2,27.4,11.5,24.6,23,24.2
2013,13-Feb,14.2,22.8,29.1,28.3,26.2,21,25.8,21.2,27.2,24.2,28.9,25.7,25.9,25.9,24.9,16.4,25.6,25.5,24.5,23.7,26.5,27.3,30.1,27.3,27.1,26.4,17.4,26.8,14.7,24.9,23.6,24.6,23.8,26.5,10.8,26.1,24.6,27.1,21.9,19.8,24.3,27.4,28.1,27.9,26.2,23.7,25.2,29.9,23.9,29.5,11,24.3,23.2,23.7
2013,13-Mar,19.4,22.9,31.8,32.8,24.9,20.6,27.1,21.6,27.9,28.8,29.4,25.8,25.9,27.5,24.9,20.3,25.4,26.6,23.5,24.8,26.6,29.5,30.6,29.6,29.3,26.8,16.2,27.3,20.4,24.8,23.3,29.4,27,26.2,14.1,25.7,23.3,31.2,29.3,19.4,24.6,30.3,28.8,28.9,27.9,22.4,27.8,30.7,23.5,30.7,16.5,24.2,22.9,22.9
2013,13-Apr,23,22.4,30.2,32.2,21.7,20.9,26.7,21.2,26.9,29.9,28.5,25.5,25.9,29.1,24.8,22.4,25.4,28.1,20.8,25.2,26.6,29.1,29.3,29.1,28.5,26.2,11.6,26.9,23.1,23.7,22.3,30.9,29.3,25,16.8,24.3,21,30,30.7,19.5,24.7,30.2,29.2,27.9,29,17.9,28.9,29.8,23.2,28.9,19.7,23.8,21.9,21.2
2013,13-May,26.8,20.8,29.2,32.1,18.5,20.2,25.9,23,26.4,32,27.6,24.4,25.5,30.9,24.5,28.3,25.2,30.1,18.8,25,26.1,31,28.3,30.4,28.4,25.1,9.3,26.3,28.4,21.7,20.3,33.9,32.7,23.2,18.8,22.2,18.5,29.5,33.9,19.1,24,32.6,28.2,27.7,28.9,15.4,32.6,29,22.1,27.9,22.6,23.1,19.6,18.6
2013,13-Jun,31,18.7,27.6,30.2,15.6,19.3,25,23.2,25.5,31.7,26.6,22.8,24.8,32.6,23.8,29.8,24.4,30.4,16.9,24.3,24.7,30.1,27.1,28.8,26.7,23.8,6.6,25.8,29.2,19.6,19,34.3,34.3,21.6,23.3,20.9,15.6,28,33.6,18.3,22.3,31.2,27.1,26.9,28.4,12.2,32.5,27.3,20.7,26.6,25.8,22.1,17.9,16.9
2013,13-Jul,33,18.4,26.3,27.6,15.1,19.6,24.1,24.4,24.4,30.3,25.3,22.1,23.7,33.6,23.2,29.5,23.4,30.1,16.7,23.3,23.5,28.6,26,27.2,25.3,23.3,7.2,24.5,29.8,19.2,18.3,32.3,34,21.1,26.9,20,15,26.6,32,18.8,21.3,29.4,26.4,25.6,27.2,12.3,31.6,26.6,20.4,25.6,29.8,22.1,17.4,16.1
2013,13-Aug,32.5,19.9,25.5,26.1,17.1,21.1,23.2,25.2,23.6,28.1,24.7,22.7,23.5,32.3,23.8,30.2,23,27.9,17.8,22.7,23.5,26.9,25.5,25.7,24.2,23.7,7.8,24,29.8,19.7,20.4,30.3,32.7,21.1,27.6,21.9,15.3,25.1,29.9,19.8,21.1,27.7,26.6,24.9,27.4,12.8,29.2,25.4,21.6,25,29.4,22.4,20.3,18.9
2013,13-Sep,29.2,22.3,26.6,27.5,21.8,21.8,24,26,24.3,29.1,25.6,23.6,24.5,31.2,24.4,28.6,24.2,28.6,20.6,23.5,24.9,27.7,26.4,26.9,25.2,24.6,11.7,24.9,28.7,21.6,23.3,31,31.6,22.1,23.1,24.5,18.3,26.4,30.9,19.9,22.3,28.4,27.5,25.9,28.2,15.7,30.2,26.4,23.2,26.2,26.7,22.7,24.1,23.1
2013,13-Oct,24.8,23.3,27.6,29.1,24.5,21.9,24.3,25.6,24.3,27.2,26.2,24.4,24.8,28.3,24.5,23.7,24.2,27.5,20.6,22.8,25.5,28.6,27.1,27.6,25.4,25.4,13.6,25.2,23.7,22.6,24.1,29.8,29.9,23.2,19.9,24.9,22.3,27.1,28.6,20,22.8,29.4,27.8,26,27,18.8,28.4,27.1,24,26.9,24.4,23.1,24.6,23.5
2013,13-Nov,17.6,22.9,28.3,28.6,26.5,21,24.7,24.2,25,25.1,26.8,25.9,24.7,26.3,24.4,20.8,24.3,26.2,22.4,22.3,25.3,27.6,28,27.4,25.7,25.5,15.4,25.8,18.8,24.5,25.6,26.4,25.6,24.7,14,26.8,24.3,27.1,25.1,19.6,23.2,28,27.9,26.5,26.2,21.5,26,27.6,24.4,28,15.9,23.6,25,25.1
2013,13-Dec,13,22.7,27.1,25.5,26,20,24.5,22.9,24.8,22.1,25.5,25.9,24.9,23.5,24.2,14.9,24.6,23.1,22.8,20.8,25.3,25.4,26.8,25.4,24.3,24.8,15.9,25.1,13.7,24.8,24.4,21.9,21.7,25.8,10.2,26.4,24.9,25.7,21.1,18.7,23.6,25.5,27.8,25.7,24.9,22.5,21.5,26.3,23.4,26.9,11.7,22.7,23.4,24
2014,14-Jan,13.1,22.7,28.3,26.7,27,20.3,24.8,21.3,24.9,21.4,27,25.6,25.4,24.1,24.5,14.6,25.5,23.1,24.9,21.8,26.5,25.2,28.2,25.2,25.3,25.7,19,26.2,13.4,24.9,23.5,22.7,21.2,26.5,10.6,26.3,25.1,26.2,20.9,19,24.8,25.4,27.2,26.1,25.4,24.6,21.1,26.9,23.6,28.2,11.8,23.6,22.9,24.2
2014,14-Feb,15.4,22.8,29.4,28.1,26,20.8,25.8,20.3,26.4,23.9,27.8,25.1,25.6,24.8,24.6,16.2,25.7,24,24.6,22.7,26.5,26,29.5,26,25.7,26.6,17.7,25.8,15.5,24.9,23.4,23.9,22.1,26.6,11.4,26.2,24.3,27.7,22.7,19.7,24.8,26.1,27.7,26.6,26.4,23.8,23.3,28.4,23.6,29.3,13.4,24.3,23.1,24
2014,14-Mar,18.2,22.8,30.8,30.9,24.8,20.6,26.8,20.7,27.9,27.9,28.4,25.7,25.7,27.1,24.8,19.2,25.4,26.5,23.2,24.5,26.4,27.8,29.9,28,27.6,26.7,15.4,26.5,18.3,25.1,23.5,27.5,25.2,26.5,13.5,26.1,23.3,30,27.1,19.4,24.5,28.4,28.4,27.6,27.8,21.4,27.9,30.7,23.4,29.9,14.4,24.2,23.2,23.6
2014,14-Apr,23.5,22.4,30.9,32.8,21.5,20.1,26.8,21.8,27.5,31,28.3,25.1,25.9,28.6,24.7,24.2,25.2,28.4,20.7,24.5,26.6,29.8,29.5,29.8,28.9,25.5,11.8,26.7,23.1,23.6,22.2,31.6,29.5,25.3,17.3,24.2,20.7,30.6,31.7,18.7,24.6,31.2,29,28.1,28.7,18.2,31.1,30,22.5,29.4,19.3,22.9,21.7,21.1
2014,14-May,27.7,21.1,29.1,31.5,18.9,20.2,25.8,21.7,26.3,31.7,27.6,24.6,25.4,29.9,24.5,27.4,25.2,29,19.4,24.1,26.1,29.6,28.5,29.2,27.7,25.1,9.9,26.3,27,21.9,21.2,33.2,32.4,23.8,21.2,23,18.7,29.1,33,19,24.3,31.1,28.7,27.1,28.4,15.8,31.9,28.4,22.3,28.1,22.4,23,20.3,19.3
2014,14-Jun,31.7,18.6,28.1,30.3,15,20.3,25.2,23.3,25.3,32,26.7,23.3,24.4,32.8,23.8,29.6,24.5,30.6,16.5,24.6,24.7,30.2,27.5,28.8,26.6,24.5,6.1,25.7,29.8,20.6,19.4,34.3,34.2,22.4,23.5,21.2,14.5,28.5,34.4,19.4,22.5,31.3,27.6,26.7,28.5,11.6,32.3,27.5,21.3,27.2,27.6,23.1,18.2,17
2014,14-Jul,33,18.1,26.9,28.1,14.7,19.7,23.8,24.7,24.5,30.5,25.7,22.8,23.4,33.5,23.1,30.5,22.8,29.4,16.1,23.5,23.1,29.3,26.6,27.9,25.8,23.8,6.6,24.9,30.1,19.9,18.9,32.7,34,22,26.2,20.5,14.9,26.9,32.7,18.9,21,30,26.9,25.9,27.6,11.5,30.8,26.3,20.8,26.2,29.6,22.7,17.6,16.3
2014,14-Aug,32.7,20,25.7,26.8,17.9,21.8,23.7,25.4,23.7,28.3,25.2,23.2,23.8,32.4,23.9,30.6,23.4,28.1,18.3,22.9,23.8,27.5,25.9,26.2,24.5,24,8.9,24.3,29.9,20.4,20.5,30.9,32.7,21.6,26.8,22,16.7,25.5,30.5,20.5,21.6,28.2,26.7,25.1,27.5,14,29.6,25.6,22.2,25.4,30.2,22.7,20.2,18.8
2014,14-Sep,30.1,22.2,26.2,27.1,22.5,21,23.9,26.1,24,28.9,25.4,23.4,24.1,30.7,24.1,28.9,24,28,20.7,23.3,24.7,27.6,26.1,26.8,24.8,24.4,13.1,24.7,28.6,21.4,22.2,30.6,31.6,22,24,23.7,20.6,26.3,30.8,19.1,22.1,28.4,27.3,25.6,27.9,17.5,29.8,26.3,22.5,25.9,28.6,22.5,23.1,22
2014,14-Oct,25.3,23.3,27.8,29.2,25.4,20.5,24.6,25.8,24.9,28.2,26.5,24.5,25,27.8,24.4,24.8,24.1,27,21.2,22.5,25.5,29.4,27.4,28.4,25.9,25.3,14.4,25.6,23.8,23.2,24.3,30.1,30.2,23.7,20.8,25.2,23.2,27.3,29.1,18.7,22.6,30.1,27.6,26.5,26.8,19.9,29.1,26.9,23.6,27.1,23.1,22.7,24.8,24
2014,14-Nov,18.9,22.9,28.4,28.9,25.7,20.9,24.8,24.4,24.7,25,27,25.8,24.9,26.5,24.5,19.6,24.4,26,21.4,22.3,25.4,27.8,28,27.6,26,25.2,14.2,26.2,18.7,24.2,25.4,26.7,25.4,24.9,14.9,26.5,23.7,27.2,25.5,19.5,23.2,28,28,26.7,26.4,20.4,25.4,27.2,24.3,28,18.1,23.2,25,25
2014,14-Dec,13.1,22.7,27.1,26,26.3,20,23.8,22.9,23.8,21.3,26,26,24.9,24.3,24.2,16.5,24.5,23.9,23.5,21.3,25.4,25.5,27.1,25.4,24.7,24.7,16.7,25.6,14.3,25.1,24.9,22.3,21.1,26.3,10.4,26.8,24.5,25.1,20.3,18.7,23.6,25.5,27.6,26,25.2,22.9,22.1,26.3,23.7,27.2,12.4,22.7,23.7,24.4
2015,15-Jan,12.1,22.7,26.3,24.8,27.1,19.9,23.9,21.3,23.9,20.6,25.9,25.8,24.8,23.6,24.1,13.3,25.2,22.7,24.6,21.2,26.2,25,26.8,25.1,24.6,24.9,18.5,25.4,12.6,24.9,23.5,21.2,20.5,26.3,9.6,26.4,25.6,24.5,19,18.7,24.2,25.1,27.7,25.5,24.9,24.3,20.7,26.5,23,26.6,10.8,23.2,23,24.2
2015,15-Feb,14.1,22.7,29.9,29.3,26.2,20.8,25.8,20.5,27.1,24.4,28.6,25.3,25.4,25.9,24.7,15.5,25.6,25.5,24.3,23.7,26.2,27,30,27.1,27.3,26.1,16.7,26.5,14.6,24.7,23.9,25.1,22.8,26,10.2,26.5,24.3,27.8,22.4,19.6,24.6,27.2,27.8,27.8,26.4,22.9,25.3,29.9,23.7,29.8,11,24.1,23.6,24.6
2015,15-Mar,18.3,22.6,30.7,31.2,25.2,20.7,27,20.9,27.9,28,29,25.6,25.8,28,24.8,19.8,25.7,27.4,23.8,25.1,26.7,28.1,30.1,28.3,28.2,26.4,16.4,27.1,18.3,24.6,23.4,27.7,25.4,26.2,13.5,25.9,23.7,29.9,26.9,19.5,24.8,28.7,28.9,28,27.9,22.4,28.3,30.8,23.5,30,14.9,23.9,23.2,23.5
2015,15-Apr,22.9,22.4,30.8,33,21.9,19.7,26.7,21.6,27,29.3,29,25.5,25.9,28.8,24.6,21.8,25.4,27.7,21.2,24.9,26.5,29.7,30.1,29.8,29.4,25.9,12,27.2,21.8,24,22.5,31.3,29.7,25.5,17.2,24.7,21.3,29.9,29.3,18.3,24.7,31.3,29.3,28.5,28.4,18.3,28.8,29.8,22.7,29.9,18.8,23.1,21.9,21.5
2015,15-May,28.5,21.1,30.7,33.3,19.6,20,26.2,22.5,26.6,31.8,28.2,24.8,25.7,30.5,24.6,27.6,25.4,30,20.2,24.7,26.3,30.8,29.5,30.2,28.5,24.9,10.7,26.7,27.1,22.4,21,34.5,32.8,24.1,21.9,23.1,19,30.2,33.8,18.8,24.3,32.1,28.9,27.8,28.6,16.6,32.5,28.9,22,29.4,24.1,22.9,20.3,19.8
2015,15-Jun,32,18.4,28.5,30.7,15.2,20.6,24.9,23.3,25.4,32.1,26.8,23.5,24.1,32.8,23.7,29.2,24.1,30.6,16.8,24.4,24.2,30.4,27.7,29.2,27,24.3,6.3,25.9,29.8,20.7,19.5,34.6,34.4,22.7,24.3,21.2,14.9,28.6,34.6,19.7,21.9,31.5,27.9,27.2,28.5,11.9,32.6,27.1,21.6,27.4,27.5,22.9,18.1,16.9
2015,15-Jul,34,18.4,26.8,28,15.7,19.3,24.5,24.5,25.1,30.8,25.7,23,24.4,33.7,23.5,30.5,23.8,30.4,16.9,23.5,24.1,29,26.6,27.5,25.6,23.6,6.8,24.8,30.4,20,19.2,32.5,34.3,21.9,28.4,21,15,26.9,32.4,18.4,21.7,29.7,27.1,25.9,27.2,12,32.2,26.9,20.9,26.1,30.9,22.2,18.2,17.5
2015,15-Aug,32.9,20.1,25.9,26.6,19.1,21.3,24.1,25.6,24.6,29.3,25.5,23.1,24.3,33.1,24.1,31.4,23.6,29.4,19.4,23.4,24.1,27.7,26.1,26.4,24.8,24.1,10.2,24.7,29.9,20.1,20.3,30.6,32.8,21.8,26.9,22.1,17.6,25.9,30.9,20,21.6,28.5,27.1,25.6,27.8,15.2,31.1,26.4,22,25.6,30.5,22.7,20.4,19.4
2015,15-Sep,29.5,23,26.5,27.7,22.6,22.3,23.9,25.8,24.5,29.4,26.1,23.7,24.2,31.9,24.5,30.4,24,29.2,20.1,24.2,24.7,28.6,26.6,27.7,25.8,25.3,12.7,25.4,28.6,21.3,22.9,31.5,32.7,22.1,22.7,23.9,20.8,26.1,30.4,20.4,22,29.6,27.6,26.2,28.8,17.2,31.4,27.1,23.6,26.2,27.3,23.2,24.1,22.1
2015,15-Oct,25.1,23.5,27.9,29.5,26.4,21.9,25,25.5,25.2,28.8,26.7,25,25.3,29.3,24.8,26.5,24.7,28.4,22.8,23.8,26,28.7,27.6,27.7,25.5,26.3,15.7,25.7,24.5,23.4,25.6,30.3,30,23.4,19.7,26.6,23,27.8,30.2,20.1,23.2,29.4,28.1,26.2,27.8,20.9,30.2,27.7,24.5,27.2,22.6,23.6,25.9,25.8
2015,15-Nov,18.1,23,28.2,28.2,26.3,20.1,24.7,24.9,24.9,24.6,27,25.9,25.1,26.9,24.4,19.8,24.8,26.4,22.4,22.7,25.8,27.9,28.1,27.9,26,25.3,14.6,26.2,18.2,24.1,25.7,26.3,26.1,24.6,15.2,27.2,23.5,26.7,24.4,18.7,23.8,28.5,28.4,26.7,26.6,20.8,25.6,27.6,24,28,16.5,23,25.1,25.7
2015,15-Dec,13.5,23.3,25.9,24.3,28.2,20.6,23.3,23.1,23,20,25.5,26.6,25,24.7,24.4,13.7,24.7,22.9,25.2,21.6,25.7,24.8,26.5,24.6,23.4,25.5,18.4,25,13.2,25.5,25.5,20.9,21.3,26.5,12.2,27.7,25.2,23.6,18,19.2,23.6,25,28.3,24.8,25.8,24.5,19.9,25.6,24.1,26.3,12,23.2,25.2,26
2016,16-Jan,13.2,23.9,27.4,25.6,27.8,20.8,24.4,22,24.6,20.7,26.6,25.8,25.7,24.5,24.9,13.1,25.6,23,25.1,22.3,26.9,26.5,27.8,26.4,25.4,26.2,18.9,25.8,12.9,25.2,24.3,22.1,22.2,26.9,11.7,26.8,26.1,25.1,19.2,19.4,24.2,26.7,28.2,26,25.9,24.9,20.5,27.2,24.1,27.7,12,24.2,24.5,25.1
2016,16-Feb,15.7,23.4,29.6,28,27.6,21.3,26.3,21.7,26.8,23.9,28.9,25.7,26.3,25.7,25.3,16.6,26.3,24.6,25.6,23.6,27,27.5,30.1,27.4,26.9,26.8,18.1,27.1,15.7,25.3,24.7,24.2,23.2,27,12.2,27.4,24.9,27.7,22.6,19.9,25.1,27.6,28.7,27.6,26.5,24.3,23.6,28.9,24.2,29.7,13.8,24.5,25.1,25.8
2016,16-Mar,18.4,23.5,31.3,31.9,25.7,21.8,27.5,21.2,27.7,28.5,29.5,26.5,26.5,29.1,25.3,20.2,25.6,28.1,24.4,26.3,27,28.6,30.6,28.8,28.8,28,16.4,27.6,19,25.4,24.5,28.3,25.6,26.9,12.9,26.9,23,31.1,28.7,20.5,24.4,29.2,29.4,28.7,29,22.2,28.9,31.5,24.7,30.5,15.1,25.1,24.3,24.6
2016,16-Apr,23.4,22.3,31.3,33.8,21.9,20.7,27.4,21.8,27.8,31.1,29.4,25.5,26.3,28.9,24.9,25.2,25.5,28.8,21.9,25.1,26.8,30.1,30.4,30.2,29.7,26.9,13.1,27.6,24,24.1,22.1,32.3,29.8,25.9,16.7,24.6,20.6,31.2,32.3,19.6,24.4,31.5,29.4,29,28.7,19.1,30.8,30.6,23.2,30,20.1,24.2,21.3,21.3
2016,16-May,27.4,20.8,29.8,32.6,18.1,20.3,26,21.6,26.7,31.9,28.1,24.1,25.8,29.9,24.7,27.7,25.3,29.6,18.7,24.2,26.3,30,29.1,29.7,28.7,25.3,9.3,26.8,27.1,21.1,20.3,34.3,32.5,23.5,20.3,22.1,17.7,29.5,33,19.1,24.2,31.8,28.7,27.9,28.3,15.4,32.7,28.7,22.2,28.7,23.1,23.2,19.6,18.3
2016,16-Jun,31.8,18.7,27.5,29.8,16.1,19.9,24.7,22.6,25.1,31.5,26.5,23.1,24.5,32.6,23.7,31.4,24.5,30.9,17.4,24.4,24.8,29.6,27.3,28.4,26.6,24.4,7.8,25.8,30.4,19.7,19,34,34.1,21.7,24.5,20.7,15.4,27.7,33.1,19.1,22.5,30.8,27.4,26.8,28.4,13.1,32.8,27.2,21.2,26.7,27.5,22.8,18,16.8
2016,16-Jul,33.4,18.5,26.5,27.5,15,19.6,24,24,24.2,29.5,25.5,22.2,24,33.4,23.3,30.4,23.7,29.4,16.4,23.5,23.9,28.2,26.4,26.8,25,23.9,6.7,24.7,30.1,19.2,18.8,32,33.6,20.9,28.2,20.5,14.9,26.3,31.6,18.8,21.7,28.9,26.1,25.6,27.7,11.7,30.5,26.2,20.7,25.9,29.8,22.5,17.7,16.5
2016,16-Aug,32.7,20.2,26.1,26.9,18.6,21.1,23.8,25.6,24.6,29.2,25.5,23,24.2,32.7,24,30.8,23.5,29.1,18.4,23,24.1,27.9,26.2,26.6,24.8,24.1,9.5,24.5,29.9,20.3,20,31,32.9,21.4,28,21.6,18,25.8,30.9,19.8,21.4,28.4,26.5,25.5,27.6,14.9,31,26.4,21.8,25.7,29,22.6,20,18.6
2016,16-Sep,30,22.4,26.5,27.5,22,21.1,24.3,25.9,24.5,29.3,25.9,23.3,24.8,31.2,24.5,28.9,24.6,28.7,20.7,23.6,25.4,27.6,26.5,26.8,25.1,24.5,12.6,25.2,28.1,21.4,22.8,31.1,31.6,21.4,23.9,24.3,19.3,26.5,31,19.3,22.5,28.3,27,25.9,28.4,16.7,30.5,26.7,22.6,26.1,26.4,22.6,23.8,22.8
2016,16-Oct,25.6,24,28.2,29.9,26.1,21.7,25,25.8,25.1,28.3,27,24.1,25.4,28.7,24.8,25.8,24.7,28,21.7,23.3,26,29.4,27.8,28.5,26.3,26.1,14.2,26,24.5,23.1,25.1,30.6,30.4,23.1,20.1,26,23,27.8,29.6,19.9,23.2,30.2,27.8,26.9,27.5,19.6,29.9,27.6,24.2,27.5,23.6,23.4,26.5,25.6
2016,16-Nov,18.3,23.4,28.7,28.9,27.3,20.9,25.2,24.7,24.8,25.2,27.4,25.6,25.3,26.2,24.7,20.4,24.8,26,23.2,22.2,25.9,28.4,28.5,28.2,26.3,25.4,16.2,26.5,18.7,23.9,25.7,26.7,25.8,24.2,14,27.1,24.5,27.6,25.8,19.5,23.5,28.7,27.6,27.1,26.3,22.3,25.3,27.1,24.4,28.5,17,23.4,25.7,25.8
2016,16-Dec,13.9,23.4,28.3,27.1,27.4,20.9,24.7,23.4,24.7,23.2,26.9,26.5,25.3,24.7,24.6,13.8,25.2,24.8,24.8,21.7,25.9,26.2,28,26.2,25.4,25.3,18.2,26.5,13.8,25.2,25,23.1,21.8,25.3,11.2,27.2,25.1,26.4,22.2,19.5,24.4,26.4,27.9,26.7,25.4,24.2,22.8,27.3,24.2,28.3,13,23.2,24.3,25
2017,17-Jan,11.7,23.1,27.3,25.6,26.1,21,25,21.6,25.8,22,26.7,26,25.5,24.6,24.7,13.2,25.5,24.6,23.9,22.2,26.4,25.3,27.8,25.3,25,25.4,17.3,26,12,25.3,24,21.5,20.5,26.4,9.3,26.6,24.4,25.4,19.2,19.5,24.4,25.3,27.5,25.8,25.3,23.2,23.4,28.3,24.2,27.6,9.2,23.3,23.3,24
2017,17-Feb,15.6,23.2,29.5,29,26.2,20.9,25.9,20.6,26.4,23.2,28.8,25.8,25.7,25.2,24.8,14.2,25.7,23.6,24.5,22.9,26.3,27,30,27.2,27.6,26.3,17.4,26.7,14.8,25.4,23.8,25.3,23.5,26.8,12.1,26.6,24.2,27.5,22.2,19.6,24.7,27.5,27.7,28,26.3,23.6,21.9,27.9,23.9,29.6,13.2,24.1,23.7,24.4
2017,17-Mar,19,22.7,31.5,32.4,24.6,20.6,26,22,26,26.7,29.4,26,25.3,27.1,24.5,18.6,24.9,25.6,23.3,24.6,26.2,30,30.7,30.1,29.7,27.1,16.2,27.4,18.4,25,23,29.3,27.4,26.6,14.4,25.6,23.2,30,27,19.5,24.5,30.9,28.5,29.3,28,22.2,26,30,23.6,30.6,16,24.3,22.6,22.6
2017,17-Apr,23.3,22.8,31.4,33.2,22.2,21.3,26.9,22.7,27,29.9,29,25.5,26.1,28.4,25,23,25.4,27.9,21.7,24.8,26.7,31,30.1,30.9,29.6,26.8,13,27.3,22.4,23.9,22.5,31.6,29.6,25.8,18.1,24.6,21.3,30.9,31.1,20,24.6,32,29.1,28.8,28.7,19.3,29.3,30.1,23.4,30.1,18.8,24.4,22.4,21.5
2017,17-May,28.6,20.8,29.5,31.8,18.5,20.8,26,22.3,26.5,32,27.8,25.1,25.7,30.1,24.8,27.4,25.1,29.4,19.4,24.4,26.2,30.4,28.8,29.8,27.9,25.4,9.9,26.5,27.2,22.5,21.2,33.6,32.5,24.1,21.8,23,17.8,29.6,33.7,19.6,23.9,32,28.5,27.4,28.6,15.9,32.4,28.7,22.5,28.3,24.1,23.5,20.2,19.2
2017,17-Jun,32.4,18.8,27.5,29.4,15.8,20.7,24.9,23.2,25.3,31.4,26.5,23.7,24.6,32.9,23.9,30.4,24.8,30.7,17.3,24.4,25,30.1,27.1,28.7,26.5,24.4,7.4,25.9,30.2,21,19.7,33.6,33.9,22.8,25.2,21.4,15.2,27.6,32.9,19.6,22.8,31,27.6,26.8,28.8,12.7,32.7,26.9,21.7,26.6,29,22.8,18.5,17.1
2017,17-Jul,33.6,19.2,26.5,27.7,15.7,19.8,23.9,24.4,24.4,30.2,25.7,23,23.8,33.9,23.4,31,23.5,30.2,17.3,23.7,23.8,28.5,26.5,27,25.1,23.7,7.7,24.9,30.4,20.1,19.3,32.1,33.9,22.1,27.5,21,15.1,26.2,31.5,18.9,21.6,29.3,27,25.5,27.9,12.5,31.2,26.1,21,26,31,22.4,18.6,17.1
2017,17-Aug,33.4,20.6,25.8,26.9,17.9,22,23.6,25.6,24.1,29.1,25.3,23.2,23.8,32.7,24.1,31.3,23.3,28.9,18.1,23.1,23.8,27.7,25.9,26.5,24.8,24.5,8.7,24.5,30.2,20.5,19.8,31.1,33.1,21.8,28,21.5,16.4,25.8,31,20.6,21.4,28.4,27,25.3,27.7,13.7,30.7,26.2,22.3,25.3,31.3,23.2,20.3,18.4
2017,17-Sep,29.8,22.5,26.5,27.9,22.9,22.2,24,26.2,24.2,29.3,26.1,23.9,24.6,31.2,24.5,28.7,24.3,28.7,21.1,23.5,25.1,28.4,26.6,27.7,25.7,24.7,13.7,25.4,27.9,21.6,22.8,31.5,32,22.4,23.7,24,20.3,26.5,31.3,20.2,22.2,29.1,27.7,26.4,28.2,18.1,30.5,26.5,23.4,26,26.2,22.9,23.6,22.3
2017,17-Oct,24.1,23.3,27.9,29.5,24.4,22.6,24.8,26.3,24.8,27.6,27,24.9,25.1,28.5,24.7,24.3,24.5,27.7,20.9,22.9,25.7,29.7,27.9,28.5,26.3,26.2,13.2,26,23.3,23.3,24.9,30.3,30.7,23.6,20.8,25.9,21.4,27.3,28.6,20.7,23.1,30.4,28,26.8,27.2,18.4,28.7,26.8,24.8,27.3,21,23.8,25,24.5
2017,17-Nov,17.6,22.8,28.2,28.2,25.7,20.4,24.5,24.9,24.5,24.1,26.9,25.7,24.8,26.1,24.2,18.9,24.4,26,21.8,21.9,25.3,28.3,28.1,28,26,25.1,14.9,26,17.8,23.8,24.9,26.1,25.8,24.5,15,26.1,23.1,26.6,24.1,18.9,23.4,28.5,28.1,26.9,26.1,20.8,25.1,26.9,24,28,15.4,23,24.3,24.2
2017,17-Dec,12.8,23,27.3,26.1,26.8,20.4,24.5,22.3,24.8,22,26.3,25.4,25.2,24.4,24.4,16.9,25,25.1,23.1,21.3,25.6,24.5,27.4,24.5,24.2,24.9,16.4,25.7,14.1,24.4,24.3,22,20.5,26.1,10.1,26.2,24.4,25.3,20.6,19,23.9,24.7,27.6,25.6,24.9,22.6,23.9,27.3,23.6,27.4,11,22.9,24.2,24.4
2018,18-Jan,12.7,22.6,27.2,25.5,26.9,20.2,24.1,21,23.7,20.1,26.4,25.2,24.9,23.3,24.1,13.9,25.5,22.4,24.4,21,26.4,24.5,27.4,24.6,25,25,18.3,25.8,13.1,24.4,23.7,21.6,20.5,26.4,10,26.4,24.7,24.7,18.8,19.1,24.5,24.8,27.2,25.8,24.8,24.2,20.3,26.2,23.1,27.3,12.2,23.5,23.4,24.6
2018,18-Feb,14.3,22.8,30.3,29.2,26.2,21,26.1,19.6,27.1,25.3,28.8,25.9,25.7,26.5,24.8,18,25.5,26.7,24.5,23.8,26.4,25.3,30.4,25.4,26.5,26.6,17.3,26.5,15.7,24.8,24,25.1,21.9,26.7,9.7,26.6,24,28.8,24.3,19.7,24.7,25.6,28,27.1,26.7,23.5,26.4,30.1,24.2,29.9,11.3,24.4,23.5,24.3
2018,18-Mar,18.7,23,31.1,32.2,25.2,19.7,26.6,21.8,27.3,27.9,28.8,25.5,26.2,27,24.8,21.5,25.4,26.9,23.8,24.1,26.8,29.7,29.8,29.9,29.4,25.9,16,27.2,19.2,24.7,23.4,29,26.8,26.3,13.7,26.1,22.9,30.3,27.9,18.5,24.7,30.5,28.3,29,27.1,21.9,28.1,30.2,22.9,30,15.9,23.3,23.1,23.9
2018,18-Apr,22.8,22.4,31.1,33.3,22.7,20.3,27,21.2,27.1,30.2,28.9,25.3,25.9,28,24.7,23.9,25.4,27.6,22.2,24.2,26.6,29.5,29.9,29.6,29.3,25.4,13.3,27.2,23.4,23.7,22.7,31.5,28.5,25.5,15.6,24.9,21.1,30.7,31.5,18.9,24.7,30.7,29.1,28.6,28.1,19.5,29.2,29.4,22.7,29.7,19.5,23,22.3,22
2018,18-May,26.3,21,29.7,32.2,18.9,20.3,25.5,21.8,25.9,31.2,27.9,25,25.4,29.9,24.5,28.8,25.1,29.9,19.7,24.1,26.1,29.5,29,29.3,28.3,24.5,9.8,26.6,27.5,22.4,21.6,33.6,31.3,24,18.2,23.5,17.7,29.3,32.9,19.1,24.2,31.1,28.8,27.7,28,15.7,32.3,28.4,22.3,28.6,22.2,22.8,20.8,19.9
2018,18-Jun,31.3,18.8,27.8,30.2,15.8,19.6,24.9,22.7,25.1,31.4,26.7,23.4,24.7,31.8,23.7,30.7,24.6,29.6,17.5,23.5,25,29.7,27.4,28.5,26.8,23.9,7.4,25.9,30.1,20.6,19.3,34.3,33.9,22.4,22.5,21.2,15,27.8,33.6,18.7,22.6,30.8,27.4,27,28.2,12.9,31.7,26.3,20.9,26.9,27.2,22.3,18,17.3
2018,18-Jul,33.3,18.4,26.5,27.7,15.4,19.8,23.8,24.2,24.3,29.8,25.3,22.4,24.2,32.9,23.4,30.7,23.6,29.6,16.8,22.8,24.1,28.4,26.4,26.9,25,23.4,7.6,24.5,30.6,19.5,18.4,32.2,33.6,21.3,25.9,20.2,15.1,26.2,31.6,18.9,21.4,29.1,26.5,25.3,27.2,12.8,30.8,25.9,20.5,25.9,31.5,22.3,17.3,16.3
2018,18-Aug,32.4,20.3,25.9,26.6,17.8,20.7,24,25.2,24.1,28.5,25.2,23.3,24.5,32.3,24,31.1,23.9,28.6,18.6,22.5,24.5,27.7,26.1,26.3,24.4,23.3,8.1,24.2,30,20.8,20.5,30.5,32.4,21.8,27.2,22.5,15.6,25.8,30.4,19.4,22.1,28.4,26.7,25,27.4,12.9,30.3,25.6,21.5,25.6,28.7,21.9,20.1,19.8
2018,18-Sep,29.9,22.5,26.5,27.5,21.8,21.4,24.2,25.9,24.4,29.3,25.6,24,24.9,30.5,24.5,29.2,24.7,28.5,20.2,22.9,25.5,27.5,26.6,26.7,24.8,24.6,11.6,24.7,28.4,22,23.6,30.8,31.5,22.3,24,24.8,18.8,26.3,30.9,19.6,22.9,28.2,27.2,25.6,27.8,15.8,30.3,26.3,23.1,26.1,27.6,22.8,24,23.4
2018,18-Oct,23.8,23.1,27.6,29.1,25,21.7,24.7,25,24.8,28.2,26.4,24.2,25.1,27.9,24.5,25.4,24.4,27.8,21.2,22.7,25.6,28.4,27.5,27.5,25.6,25.7,14.8,25.5,24.2,22.6,23.8,29.8,29.8,23,18.6,24.9,22.6,26.9,29.2,19.9,22.8,29.2,27.8,26.2,26.9,20.2,29.4,27.2,23.9,27.1,21.3,23.6,24.2,23.5
2018,18-Nov,18.2,23,28.3,28.9,26.2,21.2,25,23.8,25.3,24.7,27.4,25.6,25.4,25.6,24.6,19.6,25,25.3,22.3,21.8,25.9,27.6,28.2,27.7,26.4,26,15.5,26.4,18.6,24,24.7,26.8,25.5,24.6,13.8,26.1,23.4,26.7,24.6,19.8,23.7,28.1,28.2,27.1,26.1,21.3,25.2,27.3,24.5,28.1,16.2,24.1,24.2,24.4
2018,18-Dec,13.6,22.8,26.9,25.7,27.3,20.9,24.1,23.1,24.3,21.7,26.2,26.3,25.1,24.4,24.3,14.9,24.9,23.9,25.2,21.8,25.6,25.6,27.1,25.6,25,26,18.3,25.8,13.8,25.2,24.1,22.2,21.6,26,11.7,26.8,24.4,24.7,19.4,19.7,24.1,26,28.1,26.3,25.5,23.9,21.5,26.7,24,27.2,12.6,24,23.2,24.8
2019,19-Jan,11.8,22.8,28,25.8,27.2,20.7,25,21.2,25.7,21.7,26.8,26.1,25.7,24.1,24.6,12.9,25.7,24.3,25,21.8,26.7,24.1,28.4,24.2,24.5,25.5,18.7,25.7,11.9,25,23.7,21.5,20.1,27.1,9.4,26.5,24.6,25.6,19.3,19.4,24.8,24.3,27.6,25.5,25.1,24.3,22.6,28,23.8,28.5,10,23.8,23,24.4
2019,19-Feb,14.7,23,28.7,27.9,26.8,21.5,25.5,20.6,27.2,24.8,27.7,25.8,25.3,25.8,24.7,15,25.2,24.9,25.1,23.7,25.9,26.3,29.1,26.3,26.2,27.3,17.9,25.9,14.6,24.8,23.8,24.2,22.9,26.9,11.7,26.6,24.4,27,22,20.2,24.1,26.6,28.3,27,26.8,24.1,24.2,29.6,24.5,28.7,11.5,25.2,23.8,24.6
2019,19-Mar,18.7,23.1,31.3,31.4,26.2,21.3,26.8,20.9,27.4,27.4,28.8,26,26.4,26.6,25.2,17.4,25.5,25.1,24.8,24.3,26.9,28,30.4,28.2,28,27.7,17.4,26.8,17.6,25.1,23.6,27.6,25.1,27,14.4,26.2,23.6,30.3,27.5,20.3,24.7,28.5,29.1,27.9,27.8,23.2,25.6,30.1,24.3,30.5,15.2,25.5,23.2,23.9
2019,19-Apr,22.4,22.3,30.2,32,23.2,21.3,26.5,21.4,27.4,30.4,28,26.2,25.6,28.9,24.8,22.1,24.9,28.1,22.4,24.8,26.1,29.1,29.1,29.1,28.3,27.1,13.5,26.4,22.2,24.1,23.3,30.5,28,26.1,15.8,25.4,21.2,29.9,30.3,20,24.1,30.2,29.1,27.7,29.3,19.6,29.6,29.8,24.1,29,18.6,24.3,22.4,22.4
2019,19-May,27.4,20.7,28.9,31.5,19.7,18.9,25.5,22,26.6,31.7,27.1,24.8,25.2,30.1,24.2,27.9,24.7,29.9,20.1,24.5,25.7,29.8,28.1,29.2,27.5,24.2,10.9,25.9,26.6,22.1,20.8,33.2,32,24,21.7,23,18.5,28.9,32.7,17.6,23.5,31.2,29,27,28.1,16.9,32.5,28.9,21.5,27.8,21.1,21.9,19.9,19.6
2019,19-Jun,31.8,18.4,27.1,29.3,16.1,20,24.4,22.8,25,31.4,25.8,23.5,23.9,31.5,23.5,31,23.9,29.8,17.3,23.3,24.1,29.2,26.6,27.8,25.6,24.3,7.6,25.1,30.4,20.4,19.1,33.4,33.4,22.4,23.1,21,15,27.3,32.8,19.1,21.9,30.3,28,25.9,28.2,13.1,32,26.1,21.2,26.2,29.1,22.6,17.8,17
2019,19-Jul,33.6,18.6,26.7,27.9,15.8,20.3,24,24.3,24.5,30.1,25.5,22.9,24.2,33.4,23.4,31.2,23.7,29.7,17.4,23.3,24.1,28.9,26.5,27.4,25.4,24.3,8.3,24.7,30.5,20.1,18.9,32.5,34.2,21.9,27.1,20.6,15.2,26.6,31.8,19.4,21.9,29.9,26,25.9,28,13.1,31.4,26.2,21.4,26.1,31.2,22.9,17.9,16.7
2019,19-Aug,32.8,20.6,26.2,26.9,18.9,21.6,23.7,25.5,24.1,28.2,25.4,23.5,24.4,31.8,24.2,30.7,23.8,27.6,19.2,22.5,24.4,28,26.3,26.8,24.9,24.6,9.8,24.3,30.2,20.5,20.9,30.9,33.1,21.8,26.9,22.5,16.8,25.5,30.1,20.3,21.9,28.9,26.6,25.5,27.6,14.7,29.5,25.8,22.3,25.8,31,23.2,20.9,19.7
2019,19-Sep,30.1,22.2,26.9,28.1,21.9,22.1,24.4,26,24.7,29.5,26.1,24,25,30.7,24.6,28.6,24.7,28.2,20.4,23.2,25.5,27.8,26.8,27,25.3,25,13.5,25.2,28.3,21.7,22.7,31.4,31.8,22.2,23.7,23.7,20.1,26.8,31.4,20.2,22.6,28.7,27.3,25.9,28.1,17.9,30.3,26.6,23.4,26.4,27.1,23.2,22.8,21.4
2019,19-Oct,24.4,23.7,26.9,28.6,26.3,21.3,24.2,25.5,24.3,28.2,25.8,25,24.8,27.7,24.4,26.2,24.2,27,22.4,22.3,25.6,28.7,26.6,27.8,25.7,25.3,15,25.4,24.5,23.8,25.7,29.8,30,23.6,19.1,26.6,22.4,26.7,29.3,19.4,22.8,29.5,27.8,26.5,26.9,20.1,28.9,26.3,24.2,26.3,22.3,23,26.4,25.8
2019,19-Nov,17.5,23.6,28.4,29.1,27.8,20.5,24.9,24.3,25.2,24.4,27.4,26.2,25.4,26.2,24.7,20.6,24.9,25.1,23.7,22,25.9,28.2,28.4,28.2,26.7,25.3,16.7,26.6,18.8,24.6,25.8,26.9,25.7,24.8,13.7,27.5,24,26.7,24.3,19.1,23.6,28.6,28.3,27.5,26.2,22.4,25.1,27.1,24.2,28.2,15.7,23.3,26,26.4
2019,19-Dec,14.1,23.6,27.4,26.5,27.3,20.2,24.4,22.7,24.6,22.1,26.8,26.1,25.4,24.9,24.4,15.3,25.2,24,23.7,21.7,26,25.8,27.5,25.7,25.3,25.3,16.5,26.3,14.3,25.4,24.8,22.8,21.8,26.5,11.6,27.1,24.4,25.3,20.3,18.9,24.4,26.1,27.8,26.6,25.8,22.5,22.1,26.7,23.6,27.5,13.7,23.1,25.2,25.7
2020,20-Jan,12.3,22.9,27.2,25.6,27,20.7,24.4,22,24.2,20.3,26.7,25.6,25.7,23,24.6,12.6,25.7,21.3,25,20.9,26.9,25.8,27.8,25.9,25.4,26.1,18.6,26.1,12.5,25.1,23.7,21.7,20.9,26.6,9.5,26.6,24.7,24.9,19.1,19.4,24.7,25.9,27.9,26.2,25.5,24.3,19.1,25.7,23.7,27.6,12,24.3,23.1,24.6
2020,20-Feb,15.7,23.1,29.6,28.3,26.3,20.2,26.1,22.8,26.5,22.8,28.8,26,26.4,24.7,25,15,26.1,23.6,24.6,22.6,26.9,29.3,30,29.3,28,25.7,17.4,27,15.1,25.3,23.9,24.9,24.6,26.5,13,26.7,24.3,27.2,21.7,19,24.8,29.5,28.7,28.6,25.9,23.8,21.8,27.7,23.4,29.7,13.5,23.7,23.7,24.5
2020,20-Mar,18.7,23,31.7,32.6,25,20.3,27.4,22,28.2,27.6,29.8,26.2,26.6,26.6,25.1,18.8,25.7,25.8,23.5,24.4,27,29.7,30.9,29.7,29.3,26.9,16.1,27.7,18.3,24.8,23.6,28.8,26.2,26.5,14.2,26.1,23.1,30.5,27.5,19.1,24.3,30.2,28.9,29,27.6,22.1,26.9,30.3,23.6,30.8,14.9,24.1,23.2,23.5
2020,20-Apr,22.7,22.6,31.4,33.8,22.1,19.8,27.5,22.5,27.8,29.9,29.4,26.1,26.7,27.6,25,22.3,25.7,27.1,21.3,23.8,27.1,31.1,30.4,31.1,30,25.3,12.2,27.6,22.3,24,23.3,31.9,29.6,25.3,16.1,25.3,20.7,30.7,30.7,18.4,24.5,32.4,28.8,29.4,28.1,18.5,28.7,29.2,22.7,30,19.2,22.7,22.5,22.2
2020,20-May,28.2,21,30.1,32.8,18.4,20.5,26.5,22.3,26.6,31.6,28.5,25.1,26.3,30,24.9,26.3,25.5,28.9,18.9,24.4,26.7,30.8,29.3,30.4,28.8,25.4,9.4,26.8,27.1,22.1,21.1,34.2,32.6,23.6,21.3,22.8,17.7,30,33.6,19.5,23.9,32.5,28.7,27.9,28.5,15.4,31.1,28.6,22.5,28.9,24.2,23.5,20.1,19.1
2020,20-Jun,31.5,18.6,28.3,30.3,15.2,19.9,25.1,23.6,25.3,31.8,26.5,23.8,24.7,31.5,23.7,27.6,24.5,29.3,16.5,23.6,24.9,30.6,27.6,29.1,26.5,24.6,7,25.6,29.1,20.2,19.7,34.2,34.2,21.9,23.5,21.2,15.2,28.4,34.3,19,22.4,31.6,27.6,26.7,28.3,12.7,30.8,26.5,21.4,27.3,27.2,22.8,18,16.7
2020,20-Jul,33.6,18.4,26.4,27.9,14.8,20,24,24.3,24.2,29.6,25.5,22.9,24.4,33.3,23.4,30.6,23.7,29.5,16.2,23.3,24.3,28.3,26.4,26.9,25,24.1,6.9,24.5,30,19.6,18.7,32.3,33.8,21.3,28.6,20.2,14.7,26,31.5,19.2,21.4,28.9,26.9,25.4,27.6,12.1,30.6,26.1,21.1,25.8,30,22.8,17.4,15.9
2020,20-Aug,32.9,20.3,25.7,26.5,17,20.9,24,25.7,24.1,28,24.9,23.2,24.6,32.2,24.1,30.9,24,27.9,17.4,22.7,24.5,27.9,25.7,26.6,24.7,24.2,7.7,24.1,30.1,20.2,20.5,30.7,33,21.2,27.4,21.9,15.5,25.4,30,19.7,21.8,28.7,26.5,25.3,27.5,12.5,29.4,25.6,21.9,25.3,30.8,22.9,20.2,18.7
2020,20-Sep,29.9,22.3,26.2,27.1,21.8,21.8,24,26.1,24.2,28.7,25.3,23.5,24.6,30.5,24.4,30.4,24.3,28,20.1,23.2,25.1,27.6,26.2,26.8,24.8,25.1,12.3,24.6,28.6,21.2,22.5,30.6,31.6,21.6,23.9,23.7,19.4,25.9,30.2,20,22.5,28.2,27,25.6,27.8,16.6,30.2,26.2,23.1,26,26.4,23.4,23.2,22
2020,20-Oct,23.9,23.4,27.4,28.5,25.6,21.8,24.8,25.9,24.9,28.2,25.8,25,25.2,28.1,24.6,27.2,24.5,27.9,21.8,23,25.9,28.9,27,27.8,25.2,26.2,14.9,25,24.3,23.2,24.9,29.6,29.8,23.3,18.5,25.6,22.4,27.1,28.9,20,23.1,29.5,27.8,26,27.2,20.2,29.7,27.2,24.7,26.8,20.5,23.8,25.1,24.3
2020,20-Nov,18,22.9,28.1,27.8,26.4,20.5,24.9,24.4,24.9,24.2,26.9,25.9,25.1,25.7,24.4,18.9,24.8,25.5,22.9,21.7,25.6,27.7,28,27.4,25.7,25.6,15.6,26,18.2,23.9,26.2,25.7,25.4,23.9,15,27.6,23.2,26.6,23.5,19.2,23.8,28,27.7,26.7,26.2,21.4,24.6,26.8,24.2,28,17.2,23.4,25.2,26.2
2020,20-Dec,13.6,22.8,28.1,27.7,26.5,20.7,24.6,23,25.1,22.4,27.5,26.1,25.4,24.8,24.6,16.4,24.9,25,23.7,22.1,25.7,26.1,28.1,26.3,26.1,26,16.8,26.6,14.4,25.1,24,23.8,21.9,25.5,11,26.5,24.2,25.8,20.7,19.5,23.8,26.4,27.9,27.1,25.6,22.8,23.5,27.7,24.1,28.1,12.4,24,23.2,24.6
